MonitoringLocationIdentifier,geometry,Impaired,TMDL,pvalue,kendallsTau,slope,n
TCEQMAIN-20806,"c(-97.7599, 27.7178)",Y,0,0.4653180835800191,-0.10300524052492094,-0.0847566365539981,27
TCEQMAIN-12897,"c(-98.4489, 29.3195)",N,1,0.012970759401610354,-0.10327468148361914,-0.14992415631161085,262
TCEQMAIN-12861,"c(-98.4211, 29.2981)",N,1,0.7541977393509991,-0.033417828610421904,-0.028059325673793524,45
TCEQMAIN-14256,"c(-98.4947, 29.3931)",Y,1,0.10201120117991362,0.06457536403826443,0.06526832347664636,292
TCEQMAIN-16651,"c(-95.3149, 29.7356)",Y,1,0.3233012593013955,0.09263091775429819,0.15280093467108152,55
TCEQMAIN-12626,"c(-97.6509, 29.6661)",N,0,0.11025964217180016,0.12002434339304663,0.08951338656468437,83
TCEQMAIN-12640,"c(-97.6019, 29.6573)",Y,0,0.0035298635151939655,0.21322021612391898,0.16349912775567005,88
TCEQMAIN-12883,"c(-98.2029, 29.1685)",Y,1,0.3134659820453171,0.13793151971716658,0.17210082940807553,28
TCEQMAIN-17444,"c(-97.6105, 32.676)",Y,0,0.2699620542047448,0.15789776379103185,0.06933945137514597,26
TCEQMAIN-10597,"c(-95.4738, 32.3741)",Y,0,0.0038491425956017913,0.38319175708513314,0.17258480194018339,29
TCEQMAIN-10465,"c(-93.794, 30.6052)",Y,0,0.612128484916135,0.04028369149807083,0.022846615829137575,76
TCEQMAIN-16373,"c(-96.0552, 29.5328)",Y,0,0.040813534871199875,-0.230511070406446,-0.21710754417333497,39
TCEQMAIN-14211,"c(-97.919, 29.017)",Y,0,9.330704419620053e-4,0.11730705667714744,0.07775985047540714,363
TCEQMAIN-11963,"c(-98.184, 32.1931)",Y,0,0.1896021003435516,0.095288607929559635,0.07932271288586898,89
TCEQMAIN-10199,"c(-95.0925, 33.3223)",Y,0,0.15857024949675513,0.22077922077922077,0.24311907679312028,22
TCEQMAIN-12673,"c(-98.0948, 29.9915)",N,0,0.9286731423593141,0.01403724812687193,0,30
TCEQMAIN-15814,"c(-99.5028, 27.5005)",Y,0,0.0011190161915868087,0.2621046653670059,0.3692432668750071,73
TCEQMAIN-20723,"c(-95.7208, 29.16)",N,0,0.6954100250408559,-0.04164615522623277,-0.08160010725464462,45
TCEQMAIN-12383,"c(-98.485, 30.6816)",N,0,0.3564768863466606,-0.10076546050709971,-0.10855593647636928,42
TCEQMAIN-17485,"c(-95.1302, 29.5788)",Y,1,0.25868442177582646,0.10119583889630264,0.12557935082936095,60
TCEQMAIN-16626,"c(-95.4406, 30.2817)",Y,1,0.9098737032170309,-0.014275608401296528,-0.01175657740712575,38
TCEQMAIN-14223,"c(-98.4886, 29.4253)",Y,1,0.006213706409331876,0.27321039524151935,0.17348019059854813,49
TCEQMAIN-11370,"c(-95.2381, 29.8917)",Y,1,0.01776985556188947,0.20820520140449236,0.21188090185257072,62
TCEQMAIN-13633,"c(-98.24, 33.827)",N,0,0.812488324049303,0.034528826491882485,0.04394649103945743,28
TCEQMAIN-15869,"c(-95.3338, 29.8003)",Y,1,1,0,0,55
TCEQMAIN-17066,"c(-98.4895, 29.3799)",Y,1,0.05161416759868263,0.07125919000403536,0.07924561815856501,338
TCEQMAIN-20465,"c(-95.6254, 29.8794)",Y,0,0.10953690763865905,-0.21693121693121692,-0.17600765816803557,28
TCEQMAIN-17167,"c(-96.9599, 32.8728)",N,1,0.7126411974369481,-0.04494665749754947,-0.056069088888534804,36
TCEQMAIN-20792,"c(-94.6482, 31.6009)",Y,0,0.12852657997422975,0.20246975299515804,0.11800078514502715,29
TCEQMAIN-15250,"c(-98.0507, 31.0854)",N,0,0.22847336984640013,0.10480407779203783,0.07226920694736842,63
TCEQMAIN-20212,"c(-95.456, 29.76)",Y,1,0.7939636664057734,0.023232594358536907,0.010222565439126014,63
TCEQMAIN-12508,"c(-98.9716, 31.732)",N,0,0.004435089381744909,-0.4018590340278711,-0.4340278767970532,26
TCEQMAIN-11279,"c(-95.2333, 29.8372)",N,0,0.05279097561775852,0.17171600759182734,0.16642729925671718,61
TCEQMAIN-16473,"c(-95.1967, 29.5379)",Y,1,0.9004159983232691,0.02000008163315286,0.04102205030887693,27
TCEQMAIN-11135,"c(-95.446, 29.6188)",Y,1,0.08623839119167304,0.14636510212460685,0.19475044096771732,65
TCEQMAIN-11956,"c(-97.5675, 31.7859)",N,0,0.47381233913748044,0.05300780740087554,0.04865647451989699,86
TCEQMAIN-17484,"c(-95.691, 29.8451)",Y,1,0.003461763395609154,0.25659338386427916,0.2758219053115987,62
TCEQMAIN-16703,"c(-98.1649, 29.8632)",N,0,0.8184034615958792,-0.03443417152148615,-0.0289029370335877,27
TCEQMAIN-16661,"c(-95.2364, 29.6719)",Y,1,0.9411664251390344,0.007279371980346875,0.006465770130719698,58
TCEQMAIN-20500,"c(-97.6118, 29.6996)",Y,0,0.9546816871829693,-0.008431751159679896,-0.029712588631051987,35
TCEQMAIN-12102,"c(-97.5847, 30.6458)",N,0,0.006303931312932978,0.3766052334096034,0.37341014032254505,27
TCEQMAIN-12293,"c(-97.1561, 30.0138)",N,0,0.002076390370439744,0.32888138205152484,0.24337103604762303,43
TCEQMAIN-10532,"c(-94.9961, 31.8562)",Y,0,0.062324206269066616,0.19776766859109632,0.1880302751435144,44
TCEQMAIN-16929,"c(-98.2298, 30.622)",N,0,0.2904404463869862,0.16269969372271223,0.13980440073522085,23
TCEQMAIN-12857,"c(-98.7541, 29.8148)",N,0,0.7767830677989097,-0.030901359688637775,-0.024659437952930567,44
TCEQMAIN-12811,"c(-98.4529, 29.2387)",Y,0,0.614515780329003,-0.06531101891882723,-0.01709033605726061,32
TCEQMAIN-13543,"c(-97.9257, 32.6158)",N,0,0.15207213365559055,-0.11133783067189104,-0.11185825546502746,79
TCEQMAIN-11360,"c(-95.5574, 29.7625)",Y,1,0.42945397715846545,-0.06975672988232352,-0.07329078118113408,62
TCEQMAIN-10969,"c(-97.5584, 33.0857)",Y,0,0.17641732352617573,-0.1096493808290377,-0.08904232287531752,72
TCEQMAIN-13486,"c(-98.1262, 32.0368)",N,0,0.16470451187213359,0.14481059064516158,0.15592064258663285,45
TCEQMAIN-13667,"c(-99.5736, 31.4936)",N,0,0.9154937903317756,-0.020165389128906325,0,23
TCEQMAIN-11425,"c(-95.1903, 29.518)",Y,1,0.6502841890143256,-0.07655590023509529,-0.09373148259643985,21
TCEQMAIN-14932,"c(-97.9662, 29.6697)",Y,0,0.3967484001726857,-0.09646961743142159,-0.1143481804321857,39
TCEQMAIN-12715,"c(-98.5084, 29.4135)",Y,1,0.805497862876771,-0.02616290124288685,-0.0379236485329786,46
TCEQMAIN-17495,"c(-95.5368, 29.9505)",Y,1,0.4584160612237713,0.0654616862177341,0.06907497711997647,62
TCEQMAIN-16654,"c(-95.5058, 29.671)",Y,1,0.3223212744091389,-0.08771977283881292,-0.16893655348667874,61
TCEQMAIN-11123,"c(-95.0541, 30.0358)",Y,0,0.39877531032072744,0.10739752802410395,0.09633470389118648,32
TCEQMAIN-12735,"c(-98.6673, 29.3907)",N,0,0.3733572460732708,0.12267059218842605,0.09345934343578671,28
TCEQMAIN-15850,"c(-95.6045, 29.7215)",Y,1,0.44375629043356324,-0.06888902586300814,-0.08887859274199464,60
TCEQMAIN-12675,"c(-98.0908, 30.0028)",N,0,0.5436918609399659,0.08102047216071069,0.04256228901421834,30
TCEQMAIN-15815,"c(-99.4917, 27.4289)",Y,0,0.011852575895185293,0.23210308622703685,0.2269787383649266,57
TCEQMAIN-12647,"c(-97.6153, 29.8653)",Y,0,0.22462300939529045,0.08737657173323454,0.06741505845498923,91
TCEQMAIN-16657,"c(-95.2325, 29.7755)",Y,1,0.5065015874090902,-0.060735365473862525,-0.08245202686853964,58
TCEQMAIN-16493,"c(-95.1941, 29.5039)",Y,1,0.6733321943165375,-0.0643052571251292,-0.015092999527545291,25
TCEQMAIN-12791,"c(-97.3848, 28.6498)",Y,1,0.7337606821886362,-0.01202173349119354,0,365
TCEQMAIN-10016,"c(-101.3427, 35.7422)",N,0,0.7095022063383922,0.058395716247378375,0.08298932725236291,24
TCEQMAIN-10140,"c(-97.9898, 33.8951)",N,0,0.9101244958575538,0.021739335911518436,0.036917822460745923,22
TCEQMAIN-12875,"c(-98.4211, 29.4965)",Y,1,0.020300535347091263,0.25117250917539935,0.27921203358781177,42
TCEQMAIN-17607,"c(-98.0192, 32.0864)",N,0,0.8325508297833041,0.03571456691474171,0.04353852183675833,23
TCEQMAIN-20153,"c(-95.017, 32.928)",Y,0,0.08803723989988989,0.24749302297354095,0.2511412683720657,25
TCEQMAIN-11846,"c(-95.7575, 29.5822)",N,0,0.6292944410383228,0.03747177553163844,0.05160762235713317,79
TCEQMAIN-20309,"c(-97.7343, 30.6198)",N,0,0.2948669693681373,0.1432365781678268,0.12500112186236945,28
TCEQMAIN-11371,"c(-95.3067, 29.9183)",Y,1,0.9098207680360696,0.010137666807656915,0.005031083061264449,65
TCEQMAIN-11330,"c(-95.5121, 30.0067)",Y,1,0.5649112160208951,0.05045118750751457,0.061418455341447326,63
TCEQMAIN-10340,"c(-93.509, 30.8683)",N,0,0.7472257624144591,-0.024814201360197404,-0.028575396679275226,81
TCEQMAIN-16625,"c(-95.2226, 30.3133)",Y,1,0.20352422301571282,-0.14212313338346805,-0.1009240384209879,40
TCEQMAIN-11238,"c(-95.1039, 30.3367)",Y,1,0.9324432934461282,0.010892189621612135,0,39
TCEQMAIN-13276,"c(-106.6066, 31.9686)",Y,0,0.036567372962708206,0.31937718301600393,0.20529902108092782,23
TCEQMAIN-12546,"c(-99.1231, 30.0162)",Y,0,0.6018117794196673,-0.045512927507378884,-0.038080887499517185,64
TCEQMAIN-13628,"c(-94.3538, 32.3288)",N,0,0.3669216143301369,0.08317714094840915,0.16851028827413309,57
TCEQMAIN-10991,"c(-96.485, 32.6383)",Y,0,0.36603613481085095,0.1294300457858868,0.11564680521798909,26
TCEQMAIN-12541,"c(-99.1342, 30.0347)",Y,1,0.09416109260611315,-0.17479999755147652,-0.16981904787802354,45
TCEQMAIN-13740,"c(-96.609, 33.2438)",Y,0,0.2720810471665349,-0.16053601490175629,-0.1346177751951369,25
TCEQMAIN-11961,"c(-98.035, 31.9772)",N,0,0.04329456147076973,0.15087926029030777,0.12682134441651616,84
TCEQMAIN-10072,"c(-100.2901, 35.4994)",Y,0,0.5258892747874533,0.09920713031872698,0.1153938177997696,23
TCEQMAIN-16244,"c(-99.1446, 30.0471)",N,1,0.8537846583272528,0.01424705823358207,0.002816754459341356,82
TCEQMAIN-11875,"c(-96.1818, 30.6074)",N,1,0.38790580653245776,-0.07256867341051286,-0.08359705707061196,68
TCEQMAIN-12793,"c(-97.6436, 28.7356)",Y,1,0.4547876714227534,0.0731710940666988,0.04242002282862392,51
TCEQMAIN-12074,"c(-95.5477, 29.5498)",Y,1,0.6780027077911739,-0.04867674387061272,-0.06556230348709907,38
TCEQMAIN-11128,"c(-95.2278, 29.7717)",Y,1,3.209262341024907e-4,-0.3233595359517423,-0.4142665607943555,59
TCEQMAIN-17068,"c(-95.2729, 29.5926)",N,1,0.32066460726058604,-0.14936470730422452,-0.23625710077215994,24
TCEQMAIN-11389,"c(-95.4092, 29.7796)",Y,1,0.1862015919147564,0.1202560236382478,0.12226318208169873,58
TCEQMAIN-16655,"c(-95.3768, 29.6425)",Y,1,0.7937596854028429,0.02358117531427649,0.029111628163064826,61
TCEQMAIN-10474,"c(-94.6554, 31.5189)",Y,0,0.10050283588107745,0.21478289162603903,0.13293467990822688,30
TCEQMAIN-16243,"c(-99.1416, 30.0448)",N,1,0.0715014950577822,0.13588293983184543,0.06758611131986755,83
TCEQMAIN-12972,"c(-98.2849, 28.4239)",Y,0,0.36992600296792044,-0.1255350778032011,-0.163781033843327,27
TCEQMAIN-11626,"c(-97.1701, 31.5972)",N,0,0.6716727387462564,0.07229440390678199,0.03905836901368601,21
TCEQMAIN-10308,"c(-94.8836, 33.0197)",Y,0,0.12137483806967009,0.14398349781893896,0.0902389521083578,56
TCEQMAIN-20777,"c(-97.8837, 28.9902)",Y,0,0.3283925641755144,0.1073239328458994,0.04939199286215107,42
TCEQMAIN-16596,"c(-95.4161, 29.7956)",Y,1,0.9768252002044645,0.003382987874329916,0,55
TCEQMAIN-12911,"c(-98.4694, 29.4634)",Y,1,0.15446672964228386,0.1390949504736331,0.08378173102616529,52
TCEQMAIN-12448,"c(-97.8389, 30.0948)",N,0,0.15353365037421846,-0.21825568670119935,-0.3199121518885894,23
TCEQMAIN-18003,"c(-97.7579, 31.9903)",N,0,0.016011593854866224,0.2045548886385557,0.21974089676679207,66
TCEQMAIN-14159,"c(-95.6302, 29.9774)",Y,1,0.4244158687183056,-0.07310566248664276,-0.05843085837121459,58
TCEQMAIN-11124,"c(-95.3472, 29.9169)",Y,1,0.36314051998646407,0.08228162338210745,0.06799855926153507,59
TCEQMAIN-17134,"c(-97.8809, 29.5358)",N,0,0.006346430047111294,0.4029044747955483,0.22728872879178336,24
TCEQMAIN-12795,"c(-97.8346, 28.9377)",N,1,0.7883702286823666,-0.026525520782299392,-0.011461285972834554,52
TCEQMAIN-13079,"c(-97.7008, 26.1735)",Y,0,0.3134574056702644,0.11800640184638454,0.07498289821119192,37
TCEQMAIN-13648,"c(-97.2788, 30.6947)",N,0,5.537594152039518e-4,-0.45735790361773954,-0.29448801286894294,29
TCEQMAIN-17257,"c(-97.5402, 30.2541)",Y,1,0.9582505421569482,0.006670422925335967,0,43
TCEQMAIN-11185,"c(-95.5071, 30.1144)",Y,1,0.02571119775722899,0.19601039336539322,0.1363173490677484,62
TCEQMAIN-20774,"c(-94.1032, 30.1449)",Y,0,0.6026010472096817,0.09067472700065306,0.16281076266928676,20
TCEQMAIN-21465,"c(-95.3421, 30.3438)",Y,1,0.9251091408076755,-0.014963756781552729,0,29
TCEQMAIN-15829,"c(-95.4531, 29.8323)",Y,1,0.1365930934851998,0.13060894627055872,0.13116792123449705,62
TCEQMAIN-16662,"c(-95.1893, 29.8058)",Y,1,0.05400448475017478,0.171916450133349,0.19323302024801448,60
TCEQMAIN-15767,"c(-96.5442, 30.6278)",N,0,0.5960415798726324,0.04325656207580789,0.07344942664264897,72
TCEQMAIN-13700,"c(-98.3836, 29.8607)",N,1,0.5836116330425718,-0.04281696107704049,-0.026836418852131876,78
TCEQMAIN-21016,"c(-97.8887, 31.0063)",N,0,0.7085522822382153,-0.032930673837301604,-0.04497558325812964,63
TCEQMAIN-11312,"c(-95.4058, 30.0921)",Y,1,0.7086665975322535,0.033581989908569504,0.019541530367870333,61
TCEQMAIN-21125,"c(-99.2486, 29.7939)",N,0,0.2425224983368401,-0.17085642859406605,-0.07523870364804211,25
TCEQMAIN-11337,"c(-95.1683, 30.2328)",Y,1,0.027539694719612855,-0.24898788811449638,-0.20178772730742361,39
TCEQMAIN-12377,"c(-98.7839, 30.2381)",N,0,0.06267489893557644,0.2311451206387857,0.2628072009945372,33
TCEQMAIN-16663,"c(-95.2141, 29.8166)",Y,1,0.036315062135630814,0.18838187121689526,0.20436511910867836,59
TCEQMAIN-15817,"c(-99.4536, 27.265)",Y,0,0.03451876563716588,0.2201950911112387,0.5272050716303516,45
TCEQMAIN-12451,"c(-98.0084, 30.0832)",N,0,0.5923562609767328,-0.06882647500169678,-0.06233597049577759,32
TCEQMAIN-12658,"c(-98.1601, 29.7793)",N,0,0.8194799981499551,0.017461227664890937,0.004721142135127289,83
TCEQMAIN-20287,"c(-96.9161, 32.856)",N,0,0.6353223327269233,0.06622522365269302,0.12278213525524634,28
TCEQMAIN-10468,"c(-95.092, 32.603)",Y,0,0.04238135876347637,0.17581604969319597,0.1461774268389875,64
TCEQMAIN-18668,"c(-95.0953, 29.3143)",Y,0,0.014143012959226523,-0.35451703290804515,-0.46483495636733857,25
TCEQMAIN-15346,"c(-94.3892, 30.1893)",N,0,0.09604456971215267,0.26030430005647975,0.20229015968197295,22
TCEQMAIN-16797,"c(-95.7453, 32.3346)",Y,0,0.9891284004218455,-0.003184729526236366,0,36
TCEQMAIN-16589,"c(-95.2683, 29.9545)",N,1,0.15850827245280844,0.12413770987800095,0.13034599481331186,62
TCEQMAIN-10114,"c(-96.573, 33.6007)",Y,0,0.28289134565979446,-0.1258590319857083,-0.04338847157287923,37
TCEQMAIN-10415,"c(-94.2019, 32.1252)",N,0,0.7290062977955432,0.03261612606980165,0.0408801845554214,56
TCEQMAIN-17489,"c(-95.5412, 30.1702)",Y,1,0.5312921449243885,0.055423983480092504,0.03614641825788878,62
TCEQMAIN-11376,"c(-95.4434, 29.9423)",Y,1,0.17613598616607198,0.11779961634353099,0.12460082620547562,63
TCEQMAIN-12616,"c(-99.1376, 30.0354)",N,1,0.062437919622661466,0.15934481705713704,0.10736979903582528,65
TCEQMAIN-10401,"c(-93.5646, 31.196)",N,0,0.29377798833486324,-0.08478315669265857,-0.05152715443596324,75
TCEQMAIN-10636,"c(-94.3041, 31.5044)",Y,0,0.027199995615807653,0.19755778491292417,0.1314628329269777,60
TCEQMAIN-11888,"c(-96.9473, 30.8358)",N,0,0.12941910504350396,0.1195148385470244,0.14671374991958192,76
TCEQMAIN-10058,"c(-100.2758, 36.2386)",N,0,0.4416499391971977,0.11636440571762245,0.14538851871045402,24
TCEQMAIN-11930,"c(-97.8968, 31.6088)",N,0,0.27217162847890236,0.08712989000954748,0.12167448994039941,75
TCEQMAIN-13647,"c(-98.6056, 32.1142)",Y,0,0.9801987949403903,-0.007272775357351403,-0.01043408185200311,24
TCEQMAIN-10599,"c(-94.1545, 30.17)",N,0,0.4294281626702936,0.12608814828680692,0.23496629956222104,22
TCEQMAIN-16353,"c(-95.62, 29.3978)",Y,0,0.547926215397056,-0.055989773186130486,-0.07749586800590813,56
TCEQMAIN-17612,"c(-97.3665, 31.5093)",N,0,0.5271081470658519,-0.09460323297592804,-0.07480933174671525,25
TCEQMAIN-17676,"c(-97.0196, 32.7203)",Y,1,0.8611119613890796,0.014089573883220345,0.008347063455624387,76
TCEQMAIN-21437,"c(-97.6922, 31.0974)",Y,0,0.15271346526575347,0.13937115887298457,0.21576952694977988,51
TCEQMAIN-14794,"c(-95.2858, 31.6294)",N,0,0.8877450407296641,0.026144349280800106,0.02056498042452718,22
TCEQMAIN-12355,"c(-98.5645, 31.2185)",N,0,0.4447071180818208,0.08226854941247694,0.09307846821350839,43
TCEQMAIN-17675,"c(-97.0031, 32.6907)",Y,1,0.6121414340892752,-0.039103896642467134,-0.04567016540632586,80
TCEQMAIN-11404,"c(-95.1142, 29.6339)",Y,1,0.685726075171801,0.03626428366980701,0.045494578316119014,61
TCEQMAIN-11897,"c(-98.0164, 31.0817)",N,0,0.3596872099916994,0.07940255345983507,0.10022068424830297,64
TCEQMAIN-11324,"c(-95.3297, 30.0303)",Y,1,0.11215724545302351,0.23038429433649135,0.21109240727598708,25
TCEQMAIN-11877,"c(-96.2989, 31.1694)",Y,1,0.14981784515199473,0.12029165664752108,0.1526196021534736,68
TCEQMAIN-12605,"c(-98.926, 29.9492)",N,1,0.3059297428644026,0.1443123148517031,0.07749120738996913,27
TCEQMAIN-13185,"c(-98.8056, 26.3681)",N,0,0.9257129574653753,-0.01157562254139464,-0.014815474966793883,40
TCEQMAIN-16594,"c(-95.4765, 29.8267)",Y,1,0.6946903336732049,0.035798424125329006,0.06824498128112647,59
TCEQMAIN-11172,"c(-95.2097, 29.7146)",N,0,0.16322102055574333,0.1233898708305165,0.1558155180166792,61
TCEQMAIN-13229,"c(-104.2866, 29.519)",N,0,0.4389733045533889,0.07520135030151198,0.0726573501880349,52
TCEQMAIN-16595,"c(-95.459, 29.8104)",Y,1,0.02656849120922717,-0.21812439961351077,-0.2867307490682314,50
TCEQMAIN-11235,"c(-95.1246, 30.1453)",Y,1,0.8795235524747184,-0.018064892093237823,-0.01681948030940131,40
TCEQMAIN-15036,"c(-96.3872, 33.5222)",Y,0,0.9774173567823232,0.008792249355666623,0,22
TCEQMAIN-17486,"c(-95.0765, 29.6591)",Y,1,0.4006248134377996,-0.07476772226478519,-0.08738951727866007,61
TCEQMAIN-16084,"c(-94.4148, 31.6391)",N,0,0.5139984312611441,-0.06295996969128899,-0.027653627551746756,53
TCEQMAIN-14202,"c(-98.298, 29.496)",N,0,0.7146362609151854,-0.04351813190796428,-0.011105170508002759,38
TCEQMAIN-12386,"c(-98.6695, 30.7515)",N,0,0.2640995216406805,0.12128380911548736,0.11849822747783056,42
TCEQMAIN-16731,"c(-98.4054, 29.24)",N,1,0.6316033556952901,-0.05065879530667205,-0.03721855404405634,45
TCEQMAIN-17369,"c(-97.2947, 32.7475)",Y,1,0.3981742260132367,0.14324060953744439,0.24908591344729478,20
TCEQMAIN-13023,"c(-98.5475, 28.4668)",Y,0,0.9367825554244831,0.01590485544975088,0.02354550387890395,23
TCEQMAIN-12154,"c(-95.8636, 29.0418)",N,0,0.2003745164088596,-0.18323776655842666,-0.19858073122304204,26
TCEQMAIN-12886,"c(-98.3558, 29.2219)",Y,1,0.8840404091701909,0.014620273665106888,0.0011190051264595008,53
TCEQMAIN-12682,"c(-99.45, 30.058)",N,0,0.03000945485189581,0.3008645391582882,0.18233927434176225,27
TCEQMAIN-18370,"c(-96.4811, 33.6503)",Y,0,0.39479572512244226,-0.09985157079309462,-0.07117795568440505,37
TCEQMAIN-10191,"c(-101.6711, 34.9651)",Y,0,0.978888199554256,-0.007984429575400099,0,23
TCEQMAIN-20449,"c(-97.5291, 25.9186)",N,0,0.6594819988809292,0.038510938660089825,0.03253047491684736,64
TCEQMAIN-16667,"c(-95.2705, 29.8416)",Y,1,0.4728645823503223,-0.0626769484834736,-0.0642273350306045,63
TCEQMAIN-17679,"c(-96.9853, 32.6923)",Y,1,0.7823271782817478,-0.022532132251619052,-0.021907080826918522,73
TCEQMAIN-11125,"c(-95.2341, 29.9339)",Y,1,0.15188727956923515,0.12270674586876942,0.07868597325999546,65
TCEQMAIN-15852,"c(-95.5519, 29.6896)",Y,1,0.6540441469243279,0.04001114370558083,0.030046675255077183,61
TCEQMAIN-11132,"c(-95.289, 29.6739)",N,0,0.00213111545651709,-0.2641143929059497,-0.2736285527580681,64
TCEQMAIN-10717,"c(-95.8809, 31.92)",Y,0,0.07961673964333972,0.2902384773114308,0.28591023308437713,20
TCEQMAIN-12879,"c(-98.0644, 28.9515)",N,1,0.015460316615924369,0.08542999166505912,0.07308697146012066,364
TCEQMAIN-12909,"c(-98.4759, 29.4562)",Y,1,0.6270109665875971,-0.07165665390947688,-0.056367360307510536,26
TCEQMAIN-20844,"c(-94.2895, 31.566)",N,0,0.22648597519577368,0.11479217666677205,0.06509874332538595,54
TCEQMAIN-20743,"c(-97.9908, 29.6765)",N,0,0.29661700458272194,0.11974368073260142,0.21617785849816815,38
TCEQMAIN-11331,"c(-95.5703, 29.9856)",Y,1,0.39831464569037073,0.07440966495739762,0.06665371677323119,62
TCEQMAIN-12881,"c(-98.1741, 29.1102)",Y,1,7.433402990087522e-4,0.11906127379580828,0.08722919267549617,364
TCEQMAIN-18766,"c(-99.3777, 33.0416)",N,0,0.34575384234040074,0.1415610316849224,0.15080048332894128,24
TCEQMAIN-12590,"c(-97.1382, 28.8972)",N,0,0.25967964717659897,-0.1542575013947562,-0.11132306399672284,28
TCEQMAIN-16479,"c(-95.3168, 29.7097)",N,0,0.9341496317651904,-0.00816842724914026,-0.015129110569896562,57
TCEQMAIN-17166,"c(-96.9773, 32.8648)",Y,1,0.5369858818483026,0.07060552702689273,0.07074030616185421,39
TCEQMAIN-13778,"c(-95.4145, 29.9551)",Y,1,0.037025372294690356,-0.18451625687198636,-0.19912493417313948,61
TCEQMAIN-18447,"c(-99.28, 29.8543)",N,0,0.5531524414584463,-0.08233797086525822,-0.03918689115816787,28
TCEQMAIN-12358,"c(-99.1622, 31.4679)",N,0,0.7773945079553706,0.03116344037417518,0.04177487020074771,43
TCEQMAIN-10321,"c(-94.2812, 32.9248)",N,0,0.6256461746710547,0.08511119927611437,0.08227681269022631,20
TCEQMAIN-17487,"c(-95.1061, 29.6614)",Y,1,0.09336302225063496,0.1497459336316119,0.19758385425037622,60
TCEQMAIN-12790,"c(-97.214, 28.6132)",N,1,0.786027519466171,0.020688979624924598,0.016942489949261872,83
TCEQMAIN-17493,"c(-95.6929, 29.801)",Y,1,0.4765375148963562,0.076667092596142,0.13132837236018527,43
TCEQMAIN-10938,"c(-97.2889, 32.7523)",N,0,0.15570681508439574,0.1485286896560243,0.21830106738690036,45
TCEQMAIN-18865,"c(-98.4878, 29.4317)",Y,1,0.5769648533241694,0.058824013464408346,0.05959089300741355,45
TCEQMAIN-17683,"c(-97.0006, 32.741)",Y,1,0.4953773188267195,0.05431895435368014,0.04417501871372661,75
TCEQMAIN-12672,"c(-97.932, 29.8752)",N,0,0.4673175750064951,-0.08952641169854994,-0.09588785032712185,34
TCEQMAIN-12400,"c(-99.1305, 31.9731)",N,0,0.9833375817088118,0.005755687630916422,0,27
TCEQMAIN-15846,"c(-95.5309, 29.747)",Y,1,0.7634694254180467,-0.027582392358860053,-0.02890509838886697,59
TCEQMAIN-11938,"c(-98.5337, 32.1734)",Y,0,0.4401043085499999,0.11128404019233354,0.11066021799702248,26
TCEQMAIN-11467,"c(-95.1701, 29.4359)",Y,1,0.7911643409543098,-0.04024844959379243,-0.06408754639211535,26
TCEQMAIN-17406,"c(-97.7982, 29.9603)",Y,0,0.38667332104466334,0.0638489313031028,0.03669105833376582,87
TCEQMAIN-12965,"c(-97.8608, 28.0382)",N,0,0.8124163714554098,-0.03462127331460804,-0.022299586650736884,28
TCEQMAIN-11127,"c(-95.2844, 29.8498)",Y,1,0.7336406248054652,0.030287275119865748,0.03406152964428832,62
TCEQMAIN-15082,"c(-98.1339, 29.7097)",N,0,0.1597537720341572,-0.13728050981603376,-0.13209557646723352,51
TCEQMAIN-12596,"c(-98.079, 29.673)",N,0,2.2431491370887368e-4,0.2772395858794726,0.25211341312225655,83
TCEQMAIN-12904,"c(-98.4953, 29.4103)",Y,1,0.09428765629954876,0.12139251205896132,0.16250883044546427,89
TCEQMAIN-12115,"c(-97.6907, 30.626)",N,0,0.5966289781392078,0.07716086134471262,0.06358762053826993,26
TCEQMAIN-21172,"c(-98.6838, 33.9366)",Y,0,0.008233820434356961,-0.30230001970164955,-0.19099703078379596,38
TCEQMAIN-15059,"c(-94.1377, 33.5105)",N,0,0.865543164412378,-0.03043507027612581,-0.060169410696015536,22
TCEQMAIN-15111,"c(-99.2263, 30.0675)",N,1,0.9667427806663149,0.008547008547008548,0.01215769212043935,27
TCEQMAIN-10635,"c(-94.8727, 31.9823)",Y,0,0.12226857260937975,0.14643131474990836,0.08665662574739136,54
TCEQMAIN-13230,"c(-104.4521, 29.6037)",N,0,0.1431649215785224,0.14396758119891545,0.15679146711156172,50
TCEQMAIN-12032,"c(-96.825, 31.1339)",N,0,0.4207392343028054,0.06316575088040946,0.10265421843871153,77
TCEQMAIN-17067,"c(-94.9663, 31.3965)",N,0,0.7743043602953984,0.04327712674146304,0.037542877738196874,26
TCEQMAIN-15873,"c(-95.317, 29.8079)",Y,1,0.4367950713269505,0.07228946706198205,0.11520767082203592,56
TCEQMAIN-18827,"c(-97.6879, 31.1035)",Y,0,0.002653514340312488,0.29618346019932346,0.2549227497545174,50
TCEQMAIN-20801,"c(-101.7478, 35.0486)",N,0,0.48031841033697803,-0.11329218021680046,-0.07867704809154052,22
TCEQMAIN-12126,"c(-96.4505, 31.5122)",N,0,0.30656669630041733,0.12140822932700353,0.21352227988012673,36
TCEQMAIN-12068,"c(-97.6889, 30.5128)",N,0,0.18813282936353556,0.18471976301017998,0.06718078340223245,27
TCEQMAIN-12916,"c(-98.6214, 29.2878)",Y,0,0.1675830799595184,0.14416429391665087,0.09371196847043593,45
TCEQMAIN-11489,"c(-95.4814, 29.1256)",Y,0,0.17297086447020676,0.1718915896028534,0.21916855812770114,32
TCEQMAIN-11314,"c(-95.6458, 30.1189)",Y,1,0.006606082867750757,0.24521968494807314,0.17382430672028631,59
TCEQMAIN-17976,"c(-95.465, 29.6198)",Y,1,0.020686959560430495,0.21188432250152306,0.34128395442780907,57
TCEQMAIN-17494,"c(-95.7317, 29.7706)",Y,1,0.7712937392445163,0.02567404333475944,0.029045761491770947,63
TCEQMAIN-15085,"c(-98.4824, 29.4408)",Y,1,0.2144017725453589,0.08806009899071854,0.13281963773241778,93
TCEQMAIN-13202,"c(-99.5239, 27.5231)",N,0,0.8553386233449505,-0.013844277244675053,0,85
TCEQMAIN-16649,"c(-95.3223, 29.7652)",Y,1,0.28959898906425574,0.09464483495705649,0.19454276996229491,60
TCEQMAIN-15847,"c(-95.618, 29.7772)",Y,1,0.08887732398244867,0.14923129902907958,0.15578396258892063,62
TCEQMAIN-11826,"c(-97.5353, 31.6935)",N,0,0.3372800949954815,0.09210772409017338,0.1008053175148412,53
TCEQMAIN-15781,"c(-98.1353, 31.0709)",N,0,0.07019368649102939,0.1724268958632924,0.16497797645685236,53
TCEQMAIN-11934,"c(-98.4593, 31.9578)",N,0,0.22194247955137492,0.0950001323896836,0.09967980254490053,78
TCEQMAIN-11364,"c(-95.6433, 29.7694)",Y,1,0.0891934517659629,-0.1505517231140473,-0.13772474007012003,61
TCEQMAIN-15831,"c(-95.4608, 29.8466)",Y,1,0.003506902834811603,-0.25781868619721227,-0.22939702338582282,61
TCEQMAIN-12899,"c(-98.4636, 29.3463)",Y,1,0.37878200254254235,-0.0748191438375464,-0.3080104310395733,66
TCEQMAIN-13270,"c(-100.8892, 29.3308)",Y,0,1,0.0036430416415664515,0,24
TCEQMAIN-11138,"c(-95.3819, 29.7131)",Y,1,0.15687207173329187,0.12423777815979976,0.11384515231017618,62
TCEQMAIN-14232,"c(-99.3165, 31.1175)",N,0,0.5862422187408809,0.09112945665258441,0.08950418722939989,21
TCEQMAIN-17482,"c(-95.6446, 29.866)",Y,1,0.3429216989996604,0.08555552746478008,0.09486580277193271,59
TCEQMAIN-12592,"c(-97.3176, 29.1471)",N,0,0.10823684386754347,0.12154296255376831,0.10269464074576323,82
TCEQMAIN-12044,"c(-97.2973, 31.8122)",N,0,0.002032504616547459,-0.24528472935960213,-0.2131822064414482,75
TCEQMAIN-11362,"c(-95.6056, 29.7618)",Y,1,0.8484740800860542,-0.014169650293106918,-0.007010522544568978,88
TCEQMAIN-20650,"c(-99.5322, 27.5848)",N,0,0.32427607410899567,-0.07936100559598452,-0.054219713560320196,74
TCEQMAIN-11850,"c(-96.1871, 30.1289)",N,0,0.11422852256620979,0.12192457114333571,0.20204409161038606,79
TCEQMAIN-12083,"c(-95.6339, 29.6206)",N,1,0.28576178957934256,-0.1120200105979082,-0.11518668925916398,45
TCEQMAIN-11848,"c(-96.0218, 29.6718)",N,0,0.6752956255842228,-0.06163335513613657,-0.08295670653558604,26
TCEQMAIN-20722,"c(-96.0104, 29.3406)",Y,0,0.023170073505932108,-0.24923834048821775,-0.30858509873922346,41
TCEQMAIN-13272,"c(-106.5403, 31.8028)",Y,0,0.44069654152410825,-0.06380477265692852,-0.04843698079520544,70
TCEQMAIN-12794,"c(-97.7371, 28.8487)",Y,1,0.9245157750478652,0.009859848557226387,0,52
TCEQMAIN-17496,"c(-95.5923, 29.9894)",Y,1,0.01433195112342106,-0.214725033162776,-0.24031486878712774,62
TCEQMAIN-14908,"c(-97.6116, 31.8117)",N,0,0.026258880760346416,0.32324881425670743,0.25077602401727833,25
TCEQMAIN-16659,"c(-95.2656, 29.6959)",Y,1,0.8148722608978907,0.02203361039702402,0.022151550234183127,57
TCEQMAIN-21261,"c(-97.935, 29.5909)",Y,0,0.46734499524276835,0.08322460215374045,0.07555147902158432,39
TCEQMAIN-18782,"c(-98.1852, 31.0504)",N,0,0.004833386058525411,0.2708030550313436,0.37428609536973034,52
TCEQMAIN-20702,"c(-101.3197, 35.7619)",N,0,0.8148546725459958,-0.03710207915451866,-0.006722021986319467,25
TCEQMAIN-12894,"c(-98.4321, 29.275)",N,1,0.1399112577886381,-0.14231744639492797,-0.12964465502047223,52
TCEQMAIN-10198,"c(-94.7421, 33.2754)",Y,0,0.1304381071690994,0.24461064680430553,0.18720758177652896,21
TCEQMAIN-12570,"c(-98.1294, 29.703)",Y,0,0.3500544247990426,0.0715642582985236,0.039230050456426906,81
TCEQMAIN-11334,"c(-95.1921, 30.1488)",Y,1,0.29136583366998553,0.09138784454811207,0.07705869856878741,64
TCEQMAIN-21008,"c(-95.2128, 29.8053)",N,0,0.002488094354019449,0.2666306565136816,0.3607931565119184,61
TCEQMAIN-11864,"c(-98.3023, 32.8632)",N,0,0.24758960141220815,-0.09800307274375852,-0.06304539414585822,69
TCEQMAIN-10399,"c(-93.519, 31.0644)",N,0,0.05750486056625439,-0.14799098511311656,-0.16382777573605772,78
TCEQMAIN-10685,"c(-94.1097, 29.9289)",N,0,0.044794547866813826,0.3151173291923791,0.44602501928225935,22
TCEQMAIN-12185,"c(-97.7953, 30.1534)",N,0,0.6236230315171516,-0.07357900682997164,-0.06840282810008795,25
TCEQMAIN-17547,"c(-98.0563, 31.7103)",N,0,0.027438190434827602,0.311729879832639,0.3406581898040813,26
TCEQMAIN-18828,"c(-97.7022, 31.1081)",Y,0,0.26884208635962603,0.09997250269516714,0.11944290536483756,59
TCEQMAIN-15877,"c(-95.3367, 29.6453)",Y,1,0.2290303014078155,-0.1054586365108323,-0.17583543931531254,62
TCEQMAIN-17226,"c(-98.2039, 32.235)",Y,0,0.982617677949139,-0.0027054708530981886,0,55
TCEQMAIN-11724,"c(-97.9267, 30.9854)",N,0,0.11731830186025499,0.21871612997482404,0.20405991548198835,27
TCEQMAIN-20466,"c(-95.0439, 30.3215)",N,0,0.8587094295739484,0.026667520040962185,0.009215112748126017,28
TCEQMAIN-17954,"c(-95.0254, 32.8965)",Y,0,0.7524201325767246,0.058999360450399066,0.0197872431797516,19
TCEQMAIN-16998,"c(-95.0108, 30.6256)",N,0,0.11259694895251621,0.12284196915024809,0.10836252669104951,81
TCEQMAIN-17368,"c(-97.3118, 32.7629)",N,0,0.9926801635210859,-0.0018578889683374068,0,47
TCEQMAIN-11251,"c(-95.5426, 30.3421)",Y,1,0.7444966722021464,0.03676514760390794,0.04676481643814327,41
TCEQMAIN-10854,"c(-97.538, 32.8871)",Y,0,0.09051119054341707,-0.15881040170151306,-0.12210399915288575,55
TCEQMAIN-15770,"c(-98.1798, 31.3758)",N,0,0.9355003913601775,-0.009528863260875832,-0.019861231122407487,44
TCEQMAIN-11905,"c(-97.5275, 31.0767)",Y,0,0.062375868744572224,0.19057432395150978,0.14699901181067085,47
TCEQMAIN-12674,"c(-98.0975, 29.9969)",N,0,0.6460202831877986,-0.06609441001429472,-0.0496630464815176,27
TCEQMAIN-13033,"c(-97.8325, 27.5377)",Y,0,0.04403470643597039,-0.3092768564135433,-0.16132984389314492,23
TCEQMAIN-15110,"c(-97.4919, 29.4684)",N,0,0.9945042268821013,0.0012618600417764329,0,57
TCEQMAIN-10484,"c(-94.1246, 30.8478)",Y,0,0.5590142566773567,-0.08309592033895578,-0.048206813169960984,27
TCEQMAIN-11908,"c(-97.5933, 31.0647)",Y,0,0.009294185782223094,0.28824880337284725,0.1451904230057781,41
TCEQMAIN-11361,"c(-95.5759, 29.7659)",Y,1,0.4663913249654606,-0.06480035211575712,-0.05113456051476813,61
TCEQMAIN-13690,"c(-95.6561, 31.3383)",N,0,0.2608343413122701,0.08407775573429363,0.09014068120801627,84
TCEQMAIN-12525,"c(-96.8748, 29.1567)",Y,1,0.900329705087747,0.020115690004350567,0.005868537548752352,27
TCEQMAIN-11805,"c(-97.8837, 31.2856)",N,0,0.04750736795329632,0.2746806413997892,0.27692589947697493,27
TCEQMAIN-12805,"c(-98.0533, 29.2798)",N,0,7.371345390934808e-4,0.434548573930107,0.2136246378294713,31
TCEQMAIN-11155,"c(-95.4668, 29.8631)",Y,1,0.8363411281519016,0.019490842722692032,0.027496375298013118,57
TCEQMAIN-12507,"c(-98.8773, 31.6423)",N,0,0.05169651680201013,0.2781589570235073,0.22437701311900018,26
TCEQMAIN-11309,"c(-95.3566, 29.7097)",Y,1,0.007423615514096132,0.23701326282873547,0.1840411138028935,61
TCEQMAIN-15821,"c(-100.8836, 29.3692)",Y,0,0.8151860526292228,-0.03685138655950444,-0.020716157169520154,25
TCEQMAIN-10668,"c(-94.0504, 29.883)",N,0,0.017118239704790136,0.3655090121250966,0.4805326481254395,23
TCEQMAIN-15343,"c(-94.117, 30.2157)",N,0,0.2966678260165443,0.15722777519474557,0.13117389861396947,24
TCEQMAIN-16676,"c(-95.2876, 29.9308)",Y,1,0.06807343387501942,-0.16265309959685756,-0.2190791547914895,60
TCEQMAIN-16590,"c(-95.2626, 29.8659)",Y,1,0.41336292145927916,0.0741851117452361,0.09123100605684734,59
TCEQMAIN-10070,"c(-100.1209, 35.4758)",Y,0,0.6568182957524127,0.06711560552140243,0.02757464630346787,25
TCEQMAIN-20311,"c(-96.9581, 32.9503)",Y,1,0.1356882713349684,0.16613175846377387,0.16820838822729872,40
TCEQMAIN-12147,"c(-95.8933, 29.3131)",Y,0,0.8633766247547986,-0.01914932626910793,-0.030285211489464225,44
TCEQMAIN-12578,"c(-96.8842, 28.5058)",N,0,0.3781270884755456,-0.06690986427704566,-0.05515859121187474,82
TCEQMAIN-20474,"c(-97.599, 30.4077)",Y,1,0.7382066871755582,-0.04899460978747448,-0.023743107745634765,27
TCEQMAIN-18405,"c(-97.9001, 31.5127)",N,0,0.34575384234040074,-0.1415610316849224,-0.20999311387184053,24
TCEQMAIN-20934,"c(-96.7916, 32.753)",Y,1,0.5369290648723337,-0.08950659915986664,-0.12455440328225136,26
TCEQMAIN-16652,"c(-95.4571, 29.6684)",Y,1,0.9582698537527928,-0.005272422208369606,-0.004499562741601737,59
TCEQMAIN-13084,"c(-98.192, 26.1473)",Y,0,0.021501582235309867,-0.29599508898035437,-0.20155899163635943,31
TCEQMAIN-10111,"c(-96.5605, 33.5942)",Y,0,0.7633465695661685,0.03630966210657986,0.019192214122494368,37
TCEQMAIN-11913,"c(-97.6717, 31.0994)",Y,0,0.9374235314211351,-0.007638179645028841,0,59
TCEQMAIN-17669,"c(-97.0316, 32.7883)",N,1,0.22813323290613638,0.09248456330355848,0.07487727159602195,80
TCEQMAIN-13528,"c(-94.7563, 31.3038)",Y,0,0.7469559168216241,-0.050909427501459825,-0.024776389934136125,24
TCEQMAIN-12030,"c(-96.1552, 30.3616)",N,0,0.47764607354749206,0.058241391425033054,0.11555318979154743,71
TCEQMAIN-10064,"c(-100.6096, 35.3276)",N,0,0.36097694688401394,0.1351474756798972,0.06936459710901434,25
TCEQMAIN-18554,"c(-95.2339, 29.4095)",Y,0,0.21840879527121923,-0.17167540087486824,-0.23444320552764009,27
TCEQMAIN-11133,"c(-95.3561, 29.6483)",Y,1,0.13499219831595113,-0.13110493892080624,-0.1872420554437724,62
TCEQMAIN-10919,"c(-95.7896, 31.6483)",N,0,0.8433550903785798,0.029139098407184934,0.05079290586173112,28
TCEQMAIN-10120,"c(-95.548, 33.7319)",N,0,0.5720684439367236,-0.09170655434881761,-0.09743336802419646,22
TCEQMAIN-15839,"c(-99.7536, 27.7017)",N,0,0.2714688836435591,-0.08978185756043426,-0.06551729890514173,72
TCEQMAIN-10610,"c(-94.1615, 31.0154)",N,0,0.45782495931455097,-0.11695925694765669,-0.12227095887832957,23
TCEQMAIN-20838,"c(-97.0445, 32.6801)",Y,1,0.7974549095412238,0.029774866099590337,0.034324191816933,40
TCEQMAIN-10145,"c(-98.295, 34.0563)",N,0,0.018704941928529166,0.3709341418528869,0.30807728078771207,22
TCEQMAIN-16076,"c(-94.4612, 31.8585)",Y,0,0.476535222049666,0.08765709055828085,0.05413126871160214,34
TCEQMAIN-13638,"c(-99.0689, 29.7228)",Y,0,0.3863027084676625,-0.12839010189590233,-0.05259850203900988,25
TCEQMAIN-16675,"c(-95.3835, 29.7645)",Y,1,0.42461058525963025,-0.07283803866285812,-0.0745514761728783,58
TCEQMAIN-17179,"c(-96.955, 32.7975)",Y,1,0.19256877268628889,0.17070459747713218,0.20399094855049482,30
TCEQMAIN-12436,"c(-97.6889, 30.178)",N,0,0.8178179522570026,-0.027381336560563567,0,39
TCEQMAIN-11313,"c(-95.4367, 30.1103)",Y,1,0.2224812130836792,-0.13990096233270596,-0.12584052789042952,38
TCEQMAIN-18191,"c(-95.7053, 30.2804)",N,0,0.9526758674818354,0.010667008016384875,0,28
TCEQMAIN-20745,"c(-97.9283, 29.5726)",Y,0,0.5693297019999644,-0.06526355148093807,-0.08746606711067494,39
TCEQMAIN-12618,"c(-99.1649, 30.0537)",N,1,0.07113667138382126,-0.19529554647959382,-0.2776438146434438,43
TCEQMAIN-11907,"c(-97.5795, 31.0666)",Y,0,0.5168061454637909,0.0926311299055833,0.042649611125574596,27
TCEQMAIN-20771,"c(-95.7646, 31.4057)",N,0,0.6154392690328245,-0.07952427724875441,-0.03359686329846372,23
TCEQMAIN-11369,"c(-95.2283, 29.8497)",Y,1,0.003592627231634254,0.21365533024499367,0.2078165670037571,87
TCEQMAIN-20118,"c(-98.4922, 29.4268)",Y,1,0.0739487236821698,0.19608078722084235,0.15679892391234945,41
TCEQMAIN-17170,"c(-96.9469, 32.8844)",N,0,0.3267957864939594,-0.11133948492702314,-0.1423233488858932,39
TCEQMAIN-20845,"c(-94.3834, 31.687)",N,0,0.29360637974154097,0.14518017554874818,0.04663302975067128,28
TCEQMAIN-17491,"c(-95.4226, 29.9023)",Y,1,0.4631980190478094,0.06568533270423707,0.09637590035483679,60
TCEQMAIN-20742,"c(-97.9908, 29.6713)",Y,0,0.241011198655498,-0.143760315593917,-0.42102893495271126,34
TCEQMAIN-12653,"c(-98.125, 29.709)",Y,0,0.7678427702655568,-0.022576702021123735,-0.004330741144101298,83
TCEQMAIN-11129,"c(-95.2683, 29.7932)",Y,1,0.16811238998854414,0.11690491224616625,0.16461643546906282,66
TCEQMAIN-11354,"c(-95.4582, 29.7645)",Y,1,0.28586069166281186,0.16000105786173088,0.15884915352498963,24
TCEQMAIN-11525,"c(-101.3918, 33.3193)",N,0,0.4719390404163103,0.10869565217391304,0.12141005385077075,24
TCEQMAIN-17481,"c(-95.508, 30.0329)",Y,1,0.055207524262789125,-0.16954876077053468,-0.17386171285799712,61
TCEQMAIN-11140,"c(-95.5282, 29.6727)",Y,1,0.20657398914561642,0.10826639239215334,0.08170705909237597,65
TCEQMAIN-11394,"c(-95.4942, 29.8766)",Y,1,0.5923526135814057,-0.047816130083575624,-0.05113185721240865,61
TCEQMAIN-12615,"c(-99.118, 30.011)",N,1,0.04187957146777243,0.14753213024602085,0.11396729926491099,89
TCEQMAIN-10429,"c(-95.2068, 32.5597)",N,0,0.7271651295327108,-0.03216034219368673,-0.034915476039075743,58
TCEQMAIN-15294,"c(-97.042, 32.6592)",Y,1,0.22255275212176379,-0.09299529604491427,-0.07300172199543883,81
TCEQMAIN-11145,"c(-95.8067, 29.7431)",Y,1,0.5874800367063205,0.07736516721213124,0.10059095507744986,27
TCEQMAIN-20444,"c(-96.7561, 32.7283)",Y,1,0.6911822273004872,-0.06020100558815861,-0.07285041154920185,25
TCEQMAIN-16597,"c(-95.4731, 29.779)",Y,1,0.05727884852201766,-0.1695503436652599,-0.22262112605146733,60
TCEQMAIN-12108,"c(-97.6779, 30.6452)",N,0,0.22034095648221722,0.1673320053068151,0.14166738298002918,28
TCEQMAIN-11523,"c(-101.2529, 33.2067)",N,0,0.6516104628718788,0.07391374209916268,0.10517875904062932,22
TCEQMAIN-12558,"c(-97.6996, 29.9415)",Y,0,0.8758008311995548,0.020253344847113112,0.0687616036733278,35
TCEQMAIN-20462,"c(-95.6891, 30.117)",Y,0,0.7813579167544726,-0.04027284652046953,-0.03280066695494221,28
TCEQMAIN-20457,"c(-95.8084, 29.9501)",Y,1,0.33705498499560355,-0.14190484946389206,-0.0839583018927294,25
TCEQMAIN-10897,"c(-94.9496, 30.571)",N,0,0.010332492820573254,-0.3896689585188966,-0.3313293575762892,23
TCEQMAIN-18514,"c(-95.3346, 33.8058)",N,0,0.8215254231894769,0.03896103896103896,0.05841248993797427,22
TCEQMAIN-16096,"c(-95.1309, 31.2001)",Y,0,0.5452089756292318,-0.08583770043743412,-0.07443689559315686,27
TCEQMAIN-12369,"c(-98.139, 30.339)",N,0,0.17011112394447356,0.14707797062430158,0.1732959771188247,43
TCEQMAIN-11157,"c(-95.535, 29.8808)",Y,1,0.5970618457190191,0.04674682447372554,0.03576509363288248,62
TCEQMAIN-13228,"c(-103.5542, 29.1667)",N,0,0.17808522548341296,-0.17004187941595675,-0.22801750213502398,32
TCEQMAIN-10934,"c(-96.7357, 32.7074)",Y,1,0.3165039972246062,0.14040345160720116,0.22887915961130068,27
TCEQMAIN-11594,"c(-96.8174, 30.4063)",N,0,0.18871062066792532,-0.18312042759985947,-0.12836669492040823,27
TCEQMAIN-15660,"c(-93.5446, 31.204)",N,0,0.05833949105874442,0.14907633640338136,0.18003517176194034,76
TCEQMAIN-10395,"c(-93.7094, 30.1792)",N,0,0.3433533894937577,0.07282645320576492,0.09201713914970899,80
TCEQMAIN-15848,"c(-95.6438, 29.7148)",Y,1,0.058656255009445046,0.1704405055772226,0.14989406555283813,59
TCEQMAIN-15274,"c(-100.3112, 28.3442)",N,0,0.016127068711782572,0.35507246376811596,0.4492958545798719,24
TCEQMAIN-12813,"c(-98.4931, 29.2625)",Y,0,0.2455542100479223,0.12684289161727397,0.06464986435931323,42
TCEQMAIN-12038,"c(-97.0739, 31.5361)",N,0,0.3671987314328035,0.06920669794342309,0.12199399593987889,80
TCEQMAIN-10112,"c(-96.5767, 33.5851)",Y,0,1,-0.0017953784322033046,0,34
TCEQMAIN-11954,"c(-97.5072, 31.6786)",N,0,0.20321775469993997,0.0934110889705101,0.07732333427105462,87
TCEQMAIN-10398,"c(-93.608, 30.7465)",N,0,0.10218888212320415,-0.12379098487229742,-0.15381839153044116,82
TCEQMAIN-10869,"c(-97.03, 32.8325)",N,1,0.4211480226548684,0.09020738399382522,0.10341638262812422,40
TCEQMAIN-10216,"c(-94.7286, 33.3091)",N,0,0.034228322658715955,0.33116175755680133,0.32693300342525616,22
TCEQMAIN-20539,"c(-97.7722, 28.9203)",Y,0,0.09431207809958868,0.1915678018969552,0.300993201081484,38
TCEQMAIN-12416,"c(-100.4393, 31.415)",N,0,0.7572968419315329,0.046585872853837286,0.06693149225532734,26
TCEQMAIN-17379,"c(-98.4367, 31.9731)",N,0,0.3647659877353657,-0.14797178180801124,-0.09425174239268405,21
TCEQMAIN-12979,"c(-98.1784, 28.428)",N,0,0.15427212855415232,-0.19493508213675825,-0.1241540770701573,28
TCEQMAIN-11139,"c(-95.412, 29.6973)",Y,1,0.17231065240729823,0.11679623735985335,0.1012372404735021,65
TCEQMAIN-21398,"c(-98.3354, 30.2788)",N,0,0.39419247158073917,0.11136671995193696,0.13392842569982594,31
TCEQMAIN-16083,"c(-94.4379, 31.6919)",N,0,0.03667134225372909,0.20067812375163757,0.13123214623413398,53
TCEQMAIN-11896,"c(-97.7786, 30.9725)",N,0,0.3438783749374119,0.08043057962536238,0.12988535098258025,66
TCEQMAIN-11188,"c(-95.5698, 29.7723)",Y,1,0.0015336447894206038,-0.2796067759237162,-0.40925177397573376,61
TCEQMAIN-10499,"c(-94.6575, 31.2867)",Y,0,0.8249378739476415,-0.030336733766152892,-0.015545637836843984,31
TCEQMAIN-14197,"c(-98.1272, 29.3953)",N,0,0.07496945532491317,0.18331854748565438,0.14085184667300876,46
TCEQMAIN-15260,"c(-95.2702, 33.0234)",Y,0,0.8601170591430383,-0.019338985857494547,-0.010693806521140683,45
TCEQMAIN-10274,"c(-94.9089, 32.9961)",Y,0,0.3132768811348202,0.13829982883667796,0.1654533650877314,28
TCEQMAIN-10585,"c(-94.3995, 31.0247)",N,0,0.9002720514820924,0.02017425108896008,0,27
TCEQMAIN-11328,"c(-95.4292, 30.0358)",Y,1,0.8369766010209588,-0.024407054513623697,-0.0181265858701292,39
TCEQMAIN-16658,"c(-95.2748, 29.7061)",Y,1,0.8418541025162247,-0.019686695758511532,-0.014496320222267278,53
TCEQMAIN-10127,"c(-96.1964, 33.7532)",N,0,0.21434852299587057,0.19565402320366593,0.17417722202557187,22
TCEQMAIN-12668,"c(-98.4016, 30.091)",N,0,0.47534742056014195,-0.0910014297897459,-0.1273117855193795,32
TCEQMAIN-11929,"c(-97.8602, 31.5251)",N,0,0.11753139020054248,0.21808308630274562,0.23458496674433013,27
TCEQMAIN-18868,"c(-95.7632, 30.0869)",Y,1,0.8363370078765866,0.029777500019127906,0.020545902429245744,29
TCEQMAIN-16580,"c(-98.0581, 28.9426)",N,1,0.9399561171358067,-0.00820692842316323,0,50
TCEQMAIN-12284,"c(-95.9996, 28.9841)",N,0,0.9832947253899236,-0.003333351852006174,0,43
TCEQMAIN-15356,"c(-94.3502, 30.6759)",N,0,0.808166924080228,0.03721042037676253,0.022240302942027584,26
TCEQMAIN-12556,"c(-97.6021, 29.7601)",Y,0,0.1497922467499811,-0.1627136967574913,-0.17512270683921724,39
TCEQMAIN-11925,"c(-97.6426, 31.3358)",Y,0,0.7149994863147829,-0.030379072093235406,-0.028625410763975928,70
TCEQMAIN-11323,"c(-95.7022, 30.0993)",Y,1,0.25467126873692575,0.0991784422679816,0.07355429055048919,63
TCEQMAIN-20488,"c(-97.748, 29.9611)",Y,0,0.8546792761357191,0.022573420943418056,0.055618779534060504,37
TCEQMAIN-12388,"c(-98.8135, 30.7262)",N,0,0.11170966855897166,0.2450115356003395,0.3517522857636404,23
TCEQMAIN-16656,"c(-95.4597, 29.616)",Y,1,0.01711595163547851,0.21075944105963698,0.1714643402619844,61
TCEQMAIN-12189,"c(-97.955, 30.159)",N,0,0.4936189899304169,0.09953933565200045,0.053416147438083636,26
TCEQMAIN-10786,"c(-97.2647, 32.6033)",Y,0,0.15539308066840143,-0.16227762117441313,-0.25617165730920194,38
TCEQMAIN-17746,"c(-95.1698, 30.1376)",Y,1,0.0958501590402199,0.24909928994951958,0.11113523307628523,24
TCEQMAIN-11697,"c(-99.6172, 32.6767)",N,0,0.19199693496519402,0.17795625961200973,0.07161414140823073,28
TCEQMAIN-17483,"c(-95.5968, 29.8509)",Y,1,0.13076686348913905,0.13611128596283648,0.14446481896779434,59
TCEQMAIN-13080,"c(-97.8236, 26.1296)",Y,0,0.8808037179333491,-0.019169720420053188,-0.010750568526994592,36
TCEQMAIN-13657,"c(-97.45, 29.2154)",Y,0,0.21312383666576362,-0.09621772032445462,-0.10164206281610817,79
TCEQMAIN-15120,"c(-98.9052, 33.906)",N,0,0.6940256232297336,0.06731080401072015,0.15077823742717494,21
TCEQMAIN-15855,"c(-95.4397, 29.6904)",Y,1,0.22412251205337108,0.1070313183690613,0.07311911217576814,62
TCEQMAIN-20167,"c(-95.9852, 33.6819)",N,0,0.6617443539665613,-0.03878896638158245,-0.04306493784329763,62
TCEQMAIN-20905,"c(-98.1057, 31.7869)",N,0,0.15239328438209382,0.11035203608057777,0.1017169276138188,79
TCEQMAIN-12661,"c(-98.0887, 29.9937)",N,0,0.517964230794035,0.08441736418987364,0.04801947309760069,31
TCEQMAIN-10427,"c(-94.8505, 32.4767)",N,0,0.9625391089474766,0.0048558692441905416,0,58
TCEQMAIN-16404,"c(-98.0565, 31.119)",N,0,0.40887075100401843,0.06905665605592232,0.09258849100960444,68
TCEQMAIN-12656,"c(-98.1069, 29.7139)",N,0,0.5452089756292318,-0.08583770043743412,-0.03715621624767793,27
TCEQMAIN-11916,"c(-97.3935, 30.9934)",N,0,0.9401785488059925,-0.012330465600513202,-0.01003335396530844,29
TCEQMAIN-18800,"c(-96.0679, 30.5818)",Y,0,0.9369176210490167,-0.013351717954572483,0,28
TCEQMAIN-20999,"c(-100.4465, 28.6249)",Y,0,0.4604560113587666,-0.07486738065023162,-0.11487424246847269,48
TCEQMAIN-12166,"c(-100.6305, 31.2737)",N,0,0.39820927338028456,0.12797609608874638,0.1760633653282001,24
TCEQMAIN-14237,"c(-97.465, 31.0587)",Y,0,0.04798418710241592,0.18217138719250392,0.12293011853782357,57
TCEQMAIN-10996,"c(-96.5011, 32.7739)",Y,0,0.42682426259521666,0.1202203741716929,0.10192447678844133,24
TCEQMAIN-11911,"c(-97.6481, 31.0867)",Y,0,0.9532577733543078,0.0065982887907385795,0,50
TCEQMAIN-16648,"c(-95.3704, 29.7796)",Y,1,0.27248045422203554,0.09810103496351158,0.11490456814539732,60
TCEQMAIN-11452,"c(-95.2865, 29.5976)",Y,1,0.3262416446667457,-0.14405542018715373,-0.18064062497375702,25
TCEQMAIN-15121,"c(-99.2116, 33.9631)",Y,0,0.8797336398138956,0.02884748743316578,0.013337098143086095,21
TCEQMAIN-16385,"c(-96.9795, 30.9032)",Y,0,0.27256762702352905,-0.10480393756437233,-0.15178362855012922,53
TCEQMAIN-20936,"c(-97.6398, 27.8674)",N,0,0.05522131261286284,-0.2599478640823524,-0.17277398200817856,28
TCEQMAIN-18653,"c(-96.4905, 33.7011)",N,0,0.3896525659318183,0.12364893354703727,0.1654390788883193,26
TCEQMAIN-12617,"c(-99.1425, 30.0458)",N,1,0.0892494894741168,0.12780526677973902,0.07484585438394536,83
TCEQMAIN-17178,"c(-96.9362, 32.7938)",N,1,0.12734586440412965,-0.17185448592821229,-0.19051611679920447,39
TCEQMAIN-18781,"c(-98.228, 31.8054)",N,0,0.40259270526126917,0.10446386175466814,0.10079998277178127,33
TCEQMAIN-12908,"c(-98.479, 29.4507)",Y,1,0.25211444644942,0.11111574479521635,0.06150748241691365,52
TCEQMAIN-11971,"c(-97.3974, 32.233)",Y,0,0.7517827442446721,-0.04515308079707709,-0.0377898991064404,28
TCEQMAIN-12870,"c(-98.4196, 29.4356)",Y,1,0.44524032236637745,-0.08016318985155695,-0.0695875143086516,45
TCEQMAIN-11450,"c(-95.1972, 29.542)",Y,1,0.1173271272885676,0.22256808038466708,0.21197661092503114,26
TCEQMAIN-12466,"c(-97.5206, 30.2295)",N,0,0.04902644868054545,0.21023567391492398,0.13681413258179592,43
TCEQMAIN-15864,"c(-95.2622, 29.848)",Y,1,0.11838544441481509,0.1370531899343317,0.12402612730845815,62
TCEQMAIN-20843,"c(-94.4494, 31.7122)",N,0,0.07006162588791055,0.1731864893901007,0.1130590800716699,53
TCEQMAIN-12401,"c(-99.9198, 31.5159)",N,0,0.11769116180553049,0.2174555077748331,0.15704948127482526,27
TCEQMAIN-11333,"c(-95.7175, 29.9589)",Y,1,0.04568093613047022,0.17682807950232027,0.12849958887972085,61
TCEQMAIN-11960,"c(-97.8743, 31.9858)",N,0,0.28427290801370986,0.16238926537755385,0.15846901571329822,24
TCEQMAIN-10602,"c(-94.1861, 30.1789)",N,0,0.7777872647293596,-0.04782653900534056,-0.047005920196457184,22
TCEQMAIN-11609,"c(-97.0314, 31.5267)",N,0,0.3527428914168482,0.1276613804646258,0.14937063571950465,28
TCEQMAIN-10469,"c(-95.3535, 32.6327)",N,0,0.28900623325762737,0.09599810209700745,0.10015813144279953,59
TCEQMAIN-12973,"c(-98.5572, 28.309)",N,0,0.18579014789674891,0.1882725016810988,0.19207468949939394,26
TCEQMAIN-16901,"c(-100.1847, 31.7925)",N,0,0.6904867937059935,0.06081636405595374,0.028076328206011476,25
TCEQMAIN-12635,"c(-97.8952, 29.9371)",N,0,0.15276184741473076,-0.1682240391999548,-0.2050017913502836,37
TCEQMAIN-10581,"c(-94.0914, 30.6806)",N,0,0.8738008736151388,-0.02800201621775413,-0.022386300604800374,23
TCEQMAIN-21417,"c(-95.1949, 30.4291)",N,0,0.04897683985310125,-0.3188740696088466,-0.32261685031637033,21
TCEQMAIN-10492,"c(-94.8231, 31.2633)",Y,0,0.10198746579422542,0.23706209996943314,0.15626637376832145,25
TCEQMAIN-12838,"c(-98.5852, 29.3296)",N,0,0.35775520511968345,-0.13920254438355506,-0.09379346232729668,24
TCEQMAIN-12141,"c(-95.7817, 29.0436)",Y,0,0.771189405386449,0.04771456634925265,0.05180939054967468,23
TCEQMAIN-17505,"c(-96.8753, 33.6964)",N,0,0.3426874249957723,0.13014711523863398,0.09104195640362897,28
TCEQMAIN-12824,"c(-98.9055, 29.498)",N,0,0.08479222754843356,0.23658991570907112,0.12823572715144105,28
TCEQMAIN-11332,"c(-95.5986, 29.9737)",Y,1,0.18325171512887978,0.11390046287985699,0.08237835770484384,65
TCEQMAIN-12665,"c(-98.2001, 30.0006)",N,0,0.03818036777872475,-0.29321127310990797,-0.19427937425269523,26
TCEQMAIN-12462,"c(-97.3227, 30.1098)",N,0,0.08588406643110723,0.18395060352034442,0.1278286406197885,43
TCEQMAIN-12975,"c(-99.2406, 28.4261)",N,0,0.04616231276454841,-0.31980998003666944,-0.25050202001443894,21
TCEQMAIN-12037,"c(-97.0506, 31.5)",N,0,0.5431363781659435,0.0954291326985053,0.0812095564152344,23
TCEQMAIN-14200,"c(-98.7924, 29.3272)",N,0,0.04813326319393087,0.24763826349345416,0.09172683102602253,33
TCEQMAIN-11405,"c(-95.1291, 29.6503)",Y,1,0.26180771456864943,-0.10298166683413851,-0.1597251488428094,58
TCEQMAIN-12741,"c(-98.1689, 29.4442)",Y,0,0.02355299573840273,0.23335419840020333,0.14209695966081898,46
TCEQMAIN-12403,"c(-100.178, 31.5423)",N,0,0.754454177494089,0.045649119201164046,0.05117931993078266,27
TCEQMAIN-12980,"c(-98.2816, 28.6223)",Y,0,0.09358396135874801,-0.2383946629786167,-0.11682782719013925,26
TCEQMAIN-21547,"c(-98.4749, 29.3697)",Y,1,0.9252232429694375,-0.014851667137512653,-0.021052479281926932,29
TCEQMAIN-10627,"c(-94.7265, 31.4571)",Y,0,0.017079850608884756,0.2807049675286826,0.13185769307785605,36
TCEQMAIN-16665,"c(-95.3227, 29.8664)",Y,1,0.3950082920385811,0.07701485234016624,0.08027484733597005,59
TCEQMAIN-10222,"c(-95.5947, 33.3554)",N,0,0.4127582401079644,-0.12363718107497386,-0.13440416939144625,24
TCEQMAIN-16666,"c(-95.2496, 29.844)",Y,1,0.4451479772724564,-0.07103336601623571,-0.06885553063268399,56
TCEQMAIN-11363,"c(-95.6212, 29.7712)",Y,1,0.11632845115291034,-0.1418516841948852,-0.10633749231972746,59
TCEQMAIN-10586,"c(-94.8099, 31.1331)",N,0,0.07384581244475999,0.26594203983435094,0.1506072227388319,24
TCEQMAIN-16861,"c(-94.7511, 32.673)",N,0,0.4566580384036328,0.11252287133929728,0.06456677377435706,24
TCEQMAIN-11126,"c(-95.3348, 29.8619)",Y,1,0.7442032895203665,0.02876974684487313,0.03209849082629784,63
TCEQMAIN-11045,"c(-97.4102, 32.7055)",Y,0,0.07413173404567433,0.25269675605815994,0.16063962568674278,26
TCEQMAIN-12924,"c(-98.2307, 29.5508)",N,0,0.6349793779715891,0.05914063968474762,0.03672465140078532,34
TCEQMAIN-11356,"c(-95.5008, 29.7603)",Y,1,0.24949322446344038,0.10203037368655635,0.09691127943004188,61
TCEQMAIN-12527,"c(-96.9449, 29.4434)",Y,1,0.5062837341356721,-0.10978551553497608,-0.09145270062601857,21
TCEQMAIN-10633,"c(-94.9448, 31.8263)",N,0,0.04898342255684807,0.24334776669206026,0.1530938168711879,33
TCEQMAIN-12258,"c(-98.2499, 30.3828)",N,0,0.6462117778742944,0.06590366095848217,0.045841605984365735,27
TCEQMAIN-10332,"c(-94.3461, 32.713)",N,0,0.3101544756200452,0.14551362545448032,0.11569986773464834,26
TCEQMAIN-11367,"c(-95.5786, 30.2538)",N,0,0.9700118980626514,-0.007472449428755775,0,29
TCEQMAIN-12120,"c(-97.8696, 30.6988)",N,0,0.25103676090349136,0.16460341741689175,0.22445856094992994,26
TCEQMAIN-11785,"c(-96.2494, 30.6027)",Y,1,0.01285342313804784,0.2430830227848243,0.1319081879612835,51
TCEQMAIN-15876,"c(-95.417, 29.619)",Y,1,0.5490594979714394,0.05237504840290926,0.07952629701793934,63
TCEQMAIN-17174,"c(-97.0206, 32.8323)",N,1,0.7780662213489511,-0.035810564679419975,-0.04612037615558386,34
TCEQMAIN-12677,"c(-98.1263, 30.0344)",N,0,0.3877990703588715,0.12601941636211514,0.11588026890900419,26
TCEQMAIN-15808,"c(-98.2078, 26.0681)",Y,0,0.12305390244381888,-0.18750029894841905,-0.3237162659446785,34
TCEQMAIN-20721,"c(-96.0229, 29.3864)",Y,0,0.44130896406072745,-0.08240324350442087,-0.08488004393635665,44
TCEQMAIN-18351,"c(-96.4173, 29.5803)",N,0,0.6006659765709954,0.056666981484104956,0.07406556373069487,43
TCEQMAIN-12290,"c(-96.5475, 29.7131)",N,0,0.5094651120836999,0.07123072085525756,0.07049112946396906,43
TCEQMAIN-12602,"c(-98.8013, 29.9553)",N,1,0.9842046923133816,0.005362412100731557,0,28
TCEQMAIN-11880,"c(-96.3398, 30.3686)",N,0,0.13656052993574225,0.22141597263539142,0.3032167598611966,24
TCEQMAIN-15867,"c(-95.3421, 29.8062)",Y,1,0.0010494841726650227,0.2941703752556137,0.42361021884138483,59
TCEQMAIN-15635,"c(-97.1561, 33.6239)",Y,0,0.9813671252686654,-0.006666666666666667,-0.01191980670620448,25
TCEQMAIN-20289,"c(-96.7817, 32.9248)",Y,0,0.42726435524340667,0.11419807479017467,0.11142859574486731,26
TCEQMAIN-11169,"c(-95.5623, 29.656)",Y,1,1,-5.310722385376498e-4,0,62
TCEQMAIN-18402,"c(-97.7739, 28.8364)",Y,0,0.0030603164192685877,-0.28594156328251985,-0.2141487120059813,52
TCEQMAIN-15862,"c(-95.3004, 29.8531)",Y,1,0.06710622298771697,0.16326625055950517,0.1899139288776106,60
TCEQMAIN-18735,"c(-98.5148, 29.4149)",Y,1,0.5237547858269466,0.06801371252167733,0.05340861465380344,44
TCEQMAIN-12874,"c(-98.4168, 29.4849)",Y,1,0.8120540211265272,-0.03960403804347979,-0.07858156637099288,23
TCEQMAIN-13497,"c(-97.5801, 30.6408)",Y,0,0.20629694678097504,-0.1855103957725933,-0.2347154042141827,25
TCEQMAIN-12841,"c(-98.5774, 29.3558)",N,0,0.31523495049901323,0.1547631232972141,0.16525713038102868,23
TCEQMAIN-18508,"c(-95.3434, 29.1937)",N,0,0.20629694678097504,-0.1855103957725933,-0.25769879845938815,25
TCEQMAIN-21174,"c(-101.1216, 35.7833)",N,0,0.04700490386190275,-0.28762702669898005,-0.48931026101394004,25
TCEQMAIN-12576,"c(-97.9439, 29.634)",Y,0,0.027788888547236625,0.16542031461188134,0.08056680676657216,84
TCEQMAIN-20730,"c(-95.5583, 30.0858)",Y,1,0.18240556597574537,0.11911608357060038,0.11283256444540216,60
TCEQMAIN-16301,"c(-94.6423, 31.6521)",Y,0,0.8400357267582725,-0.02687382686651824,-0.004663996936012187,33
TCEQMAIN-11387,"c(-95.3969, 29.775)",Y,1,0.16775642008529676,0.2013468165642073,0.18512953607448476,25
TCEQMAIN-21025,"c(-98.4989, 33.8843)",N,0,0.9774953419665812,-0.008676810001882659,-0.033948124267261126,22
TCEQMAIN-16805,"c(-96.4375, 29.5357)",N,0,0.75327156741778,0.05422596952240181,0,22
TCEQMAIN-16355,"c(-95.5826, 29.3497)",N,0,0.05218215280476842,-0.18676813988335367,-0.39451944864285154,52
TCEQMAIN-17492,"c(-95.7555, 29.7268)",Y,1,0.47328855748510623,-0.06333285089358015,-0.06071990108358379,62
TCEQMAIN-21030,"c(-95.9263, 33.6388)",Y,0,0.04831332611153343,-0.17560325932009563,-0.15046201523699165,61
TCEQMAIN-16120,"c(-97.2184, 32.7814)",N,0,0.6288322037203555,0.08114581583019971,0.19809598738682815,21
TCEQMAIN-17542,"c(-98.5773, 31.8935)",Y,0,0.8426140785745857,0.030912233386759316,0.03468594017074227,26
TCEQMAIN-13664,"c(-98.3309, 26.1316)",N,0,0.6451641928813829,0.05335656597903774,0.04730644454791124,39
TCEQMAIN-16782,"c(-97.2313, 31.6923)",N,0,0.9549428724262444,-0.013100936335545373,0,22
TCEQMAIN-12474,"c(-97.6911, 30.245)",N,0,0.5161862190119813,0.07015698951042634,0.05736141438579927,43
TCEQMAIN-10925,"c(-96.4625, 32.4267)",N,1,0.35767769535454624,0.1300713854222445,0.15795111774586434,27
TCEQMAIN-10607,"c(-94.3351, 30.1069)",N,0,0.5433688106531068,-0.09045340337332908,-0.08943965534506494,25
TCEQMAIN-15863,"c(-95.3176, 29.8627)",Y,1,0.1662863152878147,-0.1234431252545145,-0.12873706242678268,60
TCEQMAIN-17350,"c(-100.7414, 31.6612)",N,0,0.45447752116522644,0.11055415967851331,0.11080146642322447,25
TCEQMAIN-10975,"c(-96.4244, 32.1479)",N,0,0.8424332379023115,0.03290813899424907,0.016237840876295873,24
TCEQMAIN-16000,"c(-99.8227, 34.3137)",Y,0,0.0637113093024792,0.2639866128384113,0.17651764952985646,26
TCEQMAIN-20454,"c(-95.3259, 30.4296)",Y,1,0.933485611641662,0.014326882817061341,0.010465820866562062,27
TCEQMAIN-21000,"c(-96.3389, 32.5564)",Y,0,0.9627139136007489,-0.01005037815259212,-0.004681940813980401,25
TCEQMAIN-11591,"c(-96.5208, 30.6417)",N,0,0.7912966611872516,0.04012364789925056,0.034502389316958156,26
TCEQMAIN-12054,"c(-97.0784, 30.6939)",Y,0,0.18836108026538892,-0.1963649346484879,-0.13054503618509755,24
TCEQMAIN-15352,"c(-94.2945, 30.3523)",N,0,0.3100460208538231,0.16017316017316016,0.20817278278123288,22
TCEQMAIN-20455,"c(-95.3425, 29.8751)",Y,1,0.3084671648853573,-0.15328875514936824,-0.16034135235029587,24
TCEQMAIN-17191,"c(-97.1696, 32.7312)",N,1,0.4195714937195181,0.10891222567509279,0.19466076567548063,29
TCEQMAIN-12549,"c(-99.1487, 30.0514)",Y,1,0.7976036200455563,-0.019745602135999324,-0.011791541636988425,82
TCEQMAIN-14937,"c(-97.3138, 29.5081)",Y,0,0.36279882895842136,-0.06963186980660103,-0.04884367988910231,81
TCEQMAIN-17212,"c(-97.3565, 31.5556)",N,0,0.7697468633751263,0.0433571284740815,0.01785633297964967,27
TCEQMAIN-16578,"c(-97.4943, 29.5138)",N,0,3.342122784268195e-4,0.4942877317907778,0.29313010447654464,27
TCEQMAIN-11335,"c(-95.3025, 30.26)",Y,1,1,0.0026560635762986526,0,28
TCEQMAIN-17859,"c(-97.5431, 28.6721)",Y,1,0.9873983751452573,-0.0022805743574376963,0,52
TCEQMAIN-11396,"c(-95.5606, 29.8906)",Y,1,0.15100788290866868,-0.12519559200663782,-0.07448539861742326,63
TCEQMAIN-11243,"c(-95.3978, 30.2111)",Y,1,0.3633030099476812,0.10160824230779739,0.11983610648877802,40
TCEQMAIN-10095,"c(-98.4695, 33.9138)",N,0,0.5346994386442697,-0.1000009451929848,-0.10162869206684941,22
TCEQMAIN-21176,"c(-94.08, 33.4208)",Y,0,0.821385740974321,0.03913080464073319,0.07860704938593044,22
TCEQMAIN-15878,"c(-95.3039, 29.6633)",Y,1,0.003950778532742559,-0.2545273838202266,-0.32275184717198657,61
TCEQMAIN-10853,"c(-97.583, 32.9456)",N,0,0.2008953153654664,-0.12353313964328001,-0.17460744322919405,52
TCEQMAIN-10226,"c(-94.0432, 33.353)",Y,0,0.041829211625015385,0.2963114130686485,0.16139805234087637,25
TCEQMAIN-12797,"c(-97.8749, 28.9721)",Y,0,0.7280170814977783,-0.03906025721948433,-0.011753333580416544,42
TCEQMAIN-17937,"c(-95.5726, 30.2633)",Y,1,0.929642224008176,-0.01552862428461243,0,26
TCEQMAIN-12504,"c(-98.9271, 31.6955)",N,0,0.9667138529606824,-0.008596129690236804,0,27
TCEQMAIN-16704,"c(-100.0006, 29.3981)",N,0,0.14150918006699753,0.2324762655524517,0.1635707234304747,22
TCEQMAIN-11804,"c(-97.5994, 31.3928)",Y,0,0.8797336398138956,-0.02884748743316578,-0.01310306831860215,21
TCEQMAIN-14198,"c(-98.522, 29.2741)",N,0,0.4505173278596797,0.0870188991030795,0.09969081545861525,38
TCEQMAIN-14212,"c(-98.258, 29.554)",N,0,0.7105320486888498,0.046806974758897335,0.0258317546631279,34
TCEQMAIN-15854,"c(-95.4672, 29.6788)",Y,1,0.24242277220005815,0.10193199108661107,0.10829683627526901,63
TCEQMAIN-10266,"c(-94.9444, 33.0942)",Y,0,0.09156134116183044,0.25045413298101654,0.18947687245658626,24
TCEQMAIN-17404,"c(-98.6698, 29.8938)",Y,1,0.4155538655517407,0.11385500851066219,0.04681488279039825,28
TCEQMAIN-17000,"c(-104.3775, 29.5433)",N,0,0.8723184373283157,0.02312177356354548,0.031624594906006956,30
TCEQMAIN-10097,"c(-98.6542, 33.9218)",N,0,0.2841738169014087,0.13576668637009368,0.12800983160783497,32
TCEQMAIN-11527,"c(-101.6597, 33.5133)",N,0,0.6072873049977472,-0.07679476477883046,-0.08953339571996673,25
TCEQMAIN-11423,"c(-95.1822, 29.2618)",Y,0,0.6353223327269233,-0.06622522365269302,-0.08388352196829665,28
TCEQMAIN-12171,"c(-100.6374, 31.5929)",N,0,0.5180237825564749,-0.09129823840232809,-0.09236792321668892,27
TCEQMAIN-21029,"c(-95.9608, 33.7442)",N,0,0.5689637353774473,0.049897654084377754,0.047370952721221285,63
TCEQMAIN-10215,"c(-94.6232, 33.2519)",N,0,0.045698668625610755,0.32291500411695956,0.2703942418064338,21
TCEQMAIN-12292,"c(-96.887, 29.901)",N,0,0.2998927441157446,0.11129800133633994,0.10662612530432304,43
TCEQMAIN-20470,"c(-97.3033, 29.3144)",N,0,0.12804764129567053,0.20689727957574985,0.11707719607456882,28
TCEQMAIN-16635,"c(-95.391, 30.213)",N,1,0.5163938705257334,0.08291241380843516,0.1390731749275415,32
TCEQMAIN-20343,"c(-97.9221, 32.2802)",N,0,0.5252360242772498,0.10577412058827453,0.10093491480475332,21
TCEQMAIN-12944,"c(-97.2788, 28.2925)",N,0,0.18194755854443975,-0.1857150437364194,-0.1344308503714572,27
TCEQMAIN-21297,"c(-99.8427, 34.3985)",N,0,0.6767121100336995,-0.07868894753646336,-0.06962986394531585,18
TCEQMAIN-12060,"c(-97.5664, 30.5264)",Y,0,0.01762350783286262,0.39363929665202896,0.15185973544248837,20
TCEQMAIN-20213,"c(-97.7029, 32.2586)",N,0,0.1104635424620677,-0.13152370168640756,-0.12617498750880318,71
TCEQMAIN-16370,"c(-96.2436, 29.6607)",Y,0,0.4504645953326458,-0.0817520465013804,-0.14540156373815002,43
TCEQMAIN-18754,"c(-97.6649, 31.0352)",N,0,0.028567681801512958,0.3024254147077118,0.2308565538206481,27
TCEQMAIN-10687,"c(-94.1483, 30.0362)",Y,0,0.7702991163169024,0.04285731778532755,0.04213512983450419,27
TCEQMAIN-12889,"c(-98.4028, 29.2356)",Y,1,0.12348800910542776,0.16725558036662558,0.11336790261238235,42
TCEQMAIN-12977,"c(-98.19, 28.4623)",Y,0,0.601693093814445,0.07482393920191349,0.04300233263505996,27
TCEQMAIN-16445,"c(-97.751, 26.1441)",Y,0,0.7910649354871908,0.040374423139992316,0.04245377039595567,26
TCEQMAIN-12676,"c(-98.1041, 30.0124)",N,0,0.5088406010373563,-0.08786273954147283,-0.04833079841953332,30
TCEQMAIN-16611,"c(-95.1565, 29.4937)",Y,1,0.5962117885561335,-0.07764312142306215,-0.051395316678460555,26
TCEQMAIN-15361,"c(-94.151, 31.3962)",Y,0,0.025983033151045033,0.21670849006814127,0.17678574516058124,51
TCEQMAIN-15851,"c(-95.5709, 29.7055)",Y,1,0.8274847117528568,-0.01979145589361961,-0.016539322435123564,61
TCEQMAIN-12392,"c(-98.7199, 31.2132)",Y,0,0.7934217862362025,-0.029035077522828433,-0.019552954885727034,43
TCEQMAIN-20010,"c(-95.2363, 29.5597)",Y,1,0.8182218075757108,0.034634955564408744,0.012691528515128161,27
TCEQMAIN-10922,"c(-96.1026, 32.1478)",N,0,0.3694399203044747,0.1262586289121159,0.09025284338248671,27
TCEQMAIN-16593,"c(-95.4681, 29.8462)",Y,1,0.02091549610466457,0.20417320852652332,0.19286977421584867,61
TCEQMAIN-10397,"c(-93.7437, 30.3037)",N,0,0.18490164803053658,0.09986853287895878,0.11655316178188421,83
TCEQMAIN-13208,"c(-100.9306, 29.3264)",N,0,0.005761388057604616,0.3197619462157782,0.3260000988753263,37
TCEQMAIN-20461,"c(-95.6304, 30.1568)",N,0,0.2379231886336983,0.19231658288777187,0.2609268617589512,21
TCEQMAIN-20747,"c(-97.9169, 29.5442)",Y,0,0.4200928208450777,-0.09380486057693219,-0.07107102637843474,38
TCEQMAIN-11163,"c(-95.6238, 29.7795)",Y,1,0.25860684223008046,0.10131182270387909,0.07324835900626513,60
TCEQMAIN-10171,"c(-100.2206, 34.9576)",N,0,0.017300242450137133,-0.3625613106796944,-0.20454291940120103,23
TCEQMAIN-20211,"c(-95.6158, 29.6715)",Y,1,0.282851113122323,-0.09364660372482644,-0.0914321341350575,63
TCEQMAIN-21260,"c(-97.9395, 29.5991)",Y,0,0.8463505414166608,-0.02316181625337176,-0.01117655473919164,39
TCEQMAIN-16650,"c(-95.3081, 29.7327)",Y,1,0.22371499117413063,0.10974271002354959,0.10220893243657436,59
TCEQMAIN-15253,"c(-94.3972, 31.6487)",Y,0,0.37305116532304494,-0.10991633325804874,-0.055257469405280986,34
TCEQMAIN-12375,"c(-98.5456, 30.2721)",N,0,0.14715566159744234,0.1593156396169344,0.14804021810048157,41
TCEQMAIN-13627,"c(-95.4311, 31.8924)",N,0,0.8531765428882887,-0.03180971089950176,-0.021527158347288817,23
TCEQMAIN-17910,"c(-95.002, 29.413)",Y,0,0.3633621029830217,-0.12450342046706289,-0.12615596349137392,28
TCEQMAIN-20456,"c(-95.725, 30.022)",Y,1,0.2846360739927639,-0.1435661156626223,-0.13780345543947844,29
TCEQMAIN-12210,"c(-99.3302, 30.5651)",N,0,0.5863208450506856,-0.07407429987627732,-0.06707744690321976,29
TCEQMAIN-11187,"c(-95.0997, 30.0558)",N,0,0.8558693328114764,0.02175451716031269,0.0101845714284986,39
TCEQMAIN-10096,"c(-98.5418, 34.1033)",Y,0,0.3371432644936542,0.14190484946389206,0.08544109331160363,25
TCEQMAIN-13200,"c(-99.4947, 27.499)",Y,0,0.017908453210297513,0.2106867163739749,0.16782043911073474,61
TCEQMAIN-10859,"c(-97.2506, 33.3592)",Y,0,0.6072873049977472,0.07679476477883046,0.1098695223585397,25
TCEQMAIN-12214,"c(-98.4719, 30.5584)",N,0,0.6447608288936668,0.05159845333321631,0.04107955630429202,41
TCEQMAIN-14477,"c(-95.1606, 31.9769)",N,0,0.15797537911589862,0.17591626117710366,0.1069325114879846,33
TCEQMAIN-20382,"c(-95.8438, 31.1811)",Y,0,1,-0.003361463227264072,0,25
TCEQMAIN-15113,"c(-99.102, 29.9809)",N,1,0.4397450020986322,-0.10935806498741202,-0.035227389726214337,27
TCEQMAIN-11434,"c(-95.136, 29.4387)",Y,1,0.017361496222356942,0.32951830479241084,0.21513496675542831,27
TCEQMAIN-18197,"c(-99.9022, 30.3438)",N,0,0.05295940065668347,0.31175866749568354,0.27497371772937557,21
TCEQMAIN-11967,"c(-97.4025, 32.1506)",N,0,0.005282199946842982,0.37867878458166304,0.33145216153048707,28
TCEQMAIN-16592,"c(-95.485, 29.7818)",Y,1,0.5668095810083038,-0.05352553396503979,-0.08117068036107056,56
TCEQMAIN-13184,"c(-98.5649, 26.2393)",N,0,0.6122779904136428,0.06930777997505905,0.0829358193636982,29
TCEQMAIN-11148,"c(-95.3681, 29.7926)",Y,1,0.09215334316764853,0.15295988119200207,0.19982101152168286,58
TCEQMAIN-12952,"c(-97.6215, 28.2824)",Y,1,0.6778287878826488,-0.058668544090116806,-0.040223709434802815,28
TCEQMAIN-16396,"c(-96.4517, 30.644)",Y,0,0.10680403464359019,0.24652525947113865,0.15746055334864395,23
TCEQMAIN-15126,"c(-98.7095, 29.7753)",Y,0,0.8071213709159581,-0.03474041668898256,-0.03349822307671074,29
TCEQMAIN-12427,"c(-100.4997, 31.1872)",N,0,0.1470622446672377,0.21177218331763653,0.16207596204679386,25
TCEQMAIN-12660,"c(-98.053, 29.9841)",N,0,0.5367309374192302,-0.0897850029399985,-0.11832162616385478,26
TCEQMAIN-11120,"c(-94.9854, 29.9723)",Y,0,0.48691445963787094,-0.08306878848689715,-0.06317232290077153,36
TCEQMAIN-10937,"c(-96.8745, 32.798)",Y,1,0.5452089756292318,0.08583770043743412,0.08456009723069773,27
TCEQMAIN-12394,"c(-98.7407, 31.5175)",N,0,0.8178666624076313,0.025527254899381364,0.049434240793098085,43
TCEQMAIN-12803,"c(-97.995, 29.17)",Y,0,0.30886485107669426,0.15272828250437948,0.11293742712875247,24
TCEQMAIN-14226,"c(-97.1017, 31.5517)",N,0,0.9011767885930809,-0.021898393592766893,-0.028319781892168362,24
TCEQMAIN-17173,"c(-96.9947, 32.8034)",Y,0,0.39888778749101755,0.12704195151210984,0.24139131913276005,24
TCEQMAIN-10231,"c(-95.5881, 33.4737)",N,0,0.4680107848062324,-0.11990717980603212,-0.16357456838917553,21
TCEQMAIN-11593,"c(-97.1843, 31.6862)",N,0,0.5142594096664316,0.09018599366122429,0.10987066593235367,28
TCEQMAIN-10609,"c(-94.192, 30.2857)",N,0,0.5043367863783463,-0.09455742659260485,-0.09167142856510253,27
TCEQMAIN-12830,"c(-98.9759, 29.6817)",Y,0,0.672986001922131,0.054823719444547135,0.043884303792050494,32
TCEQMAIN-10430,"c(-95.4857, 32.6129)",N,0,0.5524032105706196,-0.05564834449696682,-0.08918911054188236,56
TCEQMAIN-16627,"c(-95.4794, 30.1353)",Y,1,0.10335539108715133,-0.273506612583377,-0.22542763475010885,20
TCEQMAIN-20776,"c(-97.9919, 29.2294)",Y,0,0.001179687126681337,0.3515074203736036,0.27535040626562607,42
TCEQMAIN-18506,"c(-95.3029, 29.2287)",Y,0,0.06051291018484975,-0.26000106123098715,-0.42709905813495846,27
TCEQMAIN-17862,"c(-98.0103, 28.9773)",N,1,0.41159523756236033,0.07963723834682851,0.03458019787442634,52
TCEQMAIN-13005,"c(-100.0325, 29.7208)",N,0,0.03431783693633712,-0.3529866036184605,-0.20829178121675498,20
TCEQMAIN-10150,"c(-98.4936, 33.9225)",N,0,0.20458837823696627,0.19444597542470488,0.20434395095830973,23
TCEQMAIN-10502,"c(-94.6398, 31.443)",Y,0,0.8254641187457316,0.03395077899167355,0.0306253622592573,26
TCEQMAIN-18591,"c(-95.1201, 29.5124)",N,0,0.894416896353043,0.024248412244057476,0,23
TCEQMAIN-10977,"c(-96.5214, 32.1975)",Y,0,0.08942520305070982,-0.24111542041672265,-0.5160255927167285,26
TCEQMAIN-15349,"c(-94.4, 30.5615)",N,0,0.925509208221885,0.0167506302543202,0.011133780490643185,25
TCEQMAIN-10972,"c(-98.0787, 33.2933)",Y,0,0.47534742056014195,-0.0910014297897459,-0.15013234308418655,32
TCEQMAIN-10478,"c(-94.802, 31.2493)",Y,0,0.17724441650523137,-0.20759516896040256,-0.15855750009740438,23
TCEQMAIN-17648,"c(-98.0426, 28.2988)",N,0,0.4525672462319831,-0.10601893284625392,-0.08395397283671599,27
TCEQMAIN-13560,"c(-100.8761, 29.2919)",Y,0,0.0052281176858582626,0.29390123074248825,0.3708241783921763,44
TCEQMAIN-10056,"c(-102.2611, 35.5207)",N,0,0.980116988334841,0.007409237074573118,0,24
TCEQMAIN-13544,"c(-97.0486, 30.7739)",N,0,0.8432946819080904,-0.02921669933928518,-0.048089135969949764,28
TCEQMAIN-11808,"c(-98.224, 31.813)",Y,0,0.5371744986529662,0.10582158705422129,0.14622916108961548,20
TCEQMAIN-20451,"c(-95.2493, 30.2194)",Y,1,0.19523087097038205,-0.2228748586412992,-0.46224306535832055,19
TCEQMAIN-13529,"c(-94.7485, 31.285)",Y,0,0.579022497432877,0.08712888369565554,0.05801183801991385,23
TCEQMAIN-15762,"c(-98.2735, 31.4803)",N,0,0.7239005280259794,-0.04216886598636246,-0.08522930574753879,37
TCEQMAIN-15853,"c(-95.4928, 29.678)",Y,1,0.0759760421721895,0.15593718749427718,0.15223585122804853,62
TCEQMAIN-20156,"c(-99.7525, 28.5498)",N,0,0.06093220471101936,0.26502342708538723,0.18155323191092915,26
TCEQMAIN-13237,"c(-101, 29.6833)",N,0,0.41455904641512703,0.146943671674129,0.17328679513998632,19
TCEQMAIN-10218,"c(-95.0612, 33.3916)",N,0,0.0328562742376536,0.315789993758673,0.4047879786365494,24
TCEQMAIN-13496,"c(-97.6143, 30.6761)",N,0,0.2515678128802838,0.1567077510016205,0.11151043123894945,28
TCEQMAIN-10792,"c(-97.1779, 32.6825)",Y,1,0.3475930468443164,0.13199765749903025,0.21707493919439116,27
TCEQMAIN-14929,"c(-98.4142, 29.3964)",Y,1,0.13439398561716429,-0.1546728466069412,-0.12319822086780223,46
TCEQMAIN-11534,"c(-101.784, 33.5489)",Y,0,0.39218948571960044,0.12051960032520152,0.12821202301808438,27
TCEQMAIN-12116,"c(-97.8611, 30.6206)",N,0,0.3633621029830217,0.12450342046706289,0.11126968703990753,28
TCEQMAIN-21134,"c(-99.4238, 31.8474)",N,0,0.8794009606437269,0.03289544874923621,0.030464638478457942,18
TCEQMAIN-12177,"c(-99.3262, 31.8731)",N,0,0.010511599724502038,-0.3795721556079595,-0.41622172231711235,24
TCEQMAIN-10630,"c(-94.9527, 31.6716)",N,0,0.37702363068492667,0.11005712413399969,0.10655258578069385,33
TCEQMAIN-12524,"c(-96.6869, 28.9603)",Y,1,0.6072726056589491,-0.07171371656006362,-0.038607822831089114,28
TCEQMAIN-12628,"c(-97.8969, 29.8572)",N,0,0.5442746634400115,-0.06843297149870894,-0.03671106133220889,40
TCEQMAIN-17490,"c(-95.397, 29.8928)",Y,1,0.9686805160289449,-0.004122617881466577,0,59
TCEQMAIN-14231,"c(-99.598, 30.5889)",N,0,0.8325508297833041,-0.03571456691474171,-0.02596663620196214,23
TCEQMAIN-12286,"c(-96.1, 29.308)",N,0,0.6830037908025692,-0.04451920053453597,-0.04367954656757386,43
TCEQMAIN-13177,"c(-97.4546, 25.8787)",N,0,0.643254439732128,-0.05559969982597375,-0.10845226673892737,36
TCEQMAIN-16653,"c(-95.3194, 29.7066)",Y,1,0.6008453644854714,-0.04709262495401969,-0.05283079981993452,60
TCEQMAIN-11070,"c(-96.5049, 31.9714)",Y,0,0.7085669234311798,0.05676134788000512,0.07376221686266671,25
TCEQMAIN-21436,"c(-97.6894, 31.1052)",Y,0,0.749680729238477,0.03245119249041928,0.04348285383161092,49
TCEQMAIN-17674,"c(-97.0073, 32.7261)",Y,1,0.00954921522879695,0.2132034520409021,0.1691810048485686,70
TCEQMAIN-10033,"c(-100.856, 35.9692)",N,0,0.35844712323602057,0.13818273178967666,0.11783088332434483,24
TCEQMAIN-13271,"c(-100.8852, 29.3666)",Y,0,0.6401550613434865,-0.07035264706814484,-0.03798353498325974,25
TCEQMAIN-15340,"c(-101.0411, 29.4242)",N,0,0.004289841990172259,0.42336894279349324,0.31433654647773124,24
TCEQMAIN-10428,"c(-94.96, 32.5272)",N,0,0.9341475551280445,0.008173579206290207,0.009931956108941683,57
TCEQMAIN-11709,"c(-99.6429, 32.9309)",Y,0,0.5009520658271218,-0.09346202568200737,-0.07052606642544879,28
TCEQMAIN-11250,"c(-95.5114, 30.3142)",Y,1,0.3383981463919885,0.12871444852510966,0.1493618842589382,29
TCEQMAIN-13625,"c(-94.2646, 30.3979)",N,0,0.8151860526292228,0.03685138655950444,0.035090325470203645,25
TCEQMAIN-11576,"c(-96.2051, 29.881)",Y,0,0.42785536290533277,-0.12301684159522146,-0.12914812849413235,23
TCEQMAIN-20305,"c(-97.4712, 30.7217)",Y,0,0.07803599282074612,-0.2618199128646505,-0.17188188470833252,24
TCEQMAIN-12469,"c(-97.6381, 30.2081)",N,0,0.01798326294123671,0.25222362346846716,0.21764933883831605,43
TCEQMAIN-10148,"c(-98.4429, 33.9373)",N,0,0.020907356341602068,0.34307483295334795,0.2968069568940476,24
TCEQMAIN-11992,"c(-99.6695, 32.6901)",N,0,0.11631567936153961,0.22538551001222082,0.1365840635625683,26
TCEQMAIN-20841,"c(-94.4263, 31.7685)",Y,0,0.049960143254745265,0.194067469369684,0.09996334456336922,50
TCEQMAIN-15508,"c(-94.1467, 32.6169)",N,0,0.02927099731366422,0.35183276567967237,0.20003922875033672,21
TCEQMAIN-20463,"c(-95.7608, 30.1006)",Y,1,0.23340052555970756,-0.16789392295386973,-0.08644793607276749,27
TCEQMAIN-10076,"c(-100.6964, 34.9355)",N,0,0.5970982625842299,-0.08333398946773066,-0.06221648476911005,23
TCEQMAIN-17346,"c(-100.8143, 31.2551)",N,0,0.7906024975752933,-0.04454755813684133,0,23
TCEQMAIN-13547,"c(-97.405, 30.9839)",N,0,0.27683453136757913,-0.1489382772087301,-0.09506115257999048,28
TCEQMAIN-11118,"c(-94.947, 29.8492)",Y,0,0.6135631813626143,0.0631819390950511,0.08046300103365248,34
TCEQMAIN-10777,"c(-96.6936, 33.2178)",Y,0,0.023410476159113233,-0.3277610304244191,-0.1990273205253847,25
TCEQMAIN-21416,"c(-95.2694, 29.4413)",N,0,0.4714060861804577,-0.1311482458941056,-0.1721496732723171,18
TCEQMAIN-15845,"c(-95.4795, 29.7734)",Y,1,0.8183657319343,0.02095730398676977,0.024330095173835824,60
TCEQMAIN-20775,"c(-97.9839, 29.2384)",Y,0,0.1428349152477062,0.15972808574027092,0.11872104161558376,42
TCEQMAIN-12409,"c(-100.4108, 31.4534)",N,0,0.37795959996135176,-0.12615384615384614,-0.09644319065512336,26
TCEQMAIN-11484,"c(-95.3232, 29.3711)",Y,0,0.2530399251492535,0.17185361474774513,0.16749395092365782,24
TCEQMAIN-10154,"c(-98.7073, 33.897)",N,0,0.8039229835825056,-0.04007345805723097,-0.04156246847863225,24
TCEQMAIN-21298,"c(-95.4783, 33.7107)",N,0,0.44092841520619086,-0.13529645843648513,-0.14778198071898158,19
TCEQMAIN-20731,"c(-95.5078, 30.3215)",Y,0,0.9578157644206093,-0.011952570681748166,0,23
TCEQMAIN-12631,"c(-97.9157, 29.8714)",N,0,0.6430520330313094,0.06821910402406464,0.05318310480009743,26
TCEQMAIN-12814,"c(-98.549, 29.2466)",Y,0,0.8799834560967686,0.018625119697258028,0.01444385571997369,38
TCEQMAIN-13783,"c(-94.0462, 33.2721)",N,0,0.4592944579074157,0.11508027116972329,0.09255385935191916,23
TCEQMAIN-10580,"c(-94.0933, 30.3558)",N,0,0.7504006792929829,0.052215573160728085,0.028010145418891592,23
TCEQMAIN-10115,"c(-96.5764, 33.6031)",Y,0,0.3602426608546206,-0.11428758022062362,-0.09620725218234084,33
TCEQMAIN-16017,"c(-94.9462, 32.7763)",N,0,0.9626731340685099,0.010118748860323271,0,25
TCEQMAIN-12983,"c(-98.546, 28.5871)",Y,0,0.8560301838406849,-0.03357401034568899,-0.0488871317401699,21
TCEQMAIN-18190,"c(-96.9743, 29.3609)",Y,1,0.7329950885751297,-0.0655741229470528,-0.02630269503336449,18
TCEQMAIN-15536,"c(-99.9361, 31.7347)",N,0,0.8949064930201436,-0.023762422826087874,-0.025742635746104126,23
TCEQMAIN-20308,"c(-97.2762, 31.4746)",N,0,0.1969722261024322,0.19237781228976633,0.21698155868501773,24
TCEQMAIN-20724,"c(-95.0783, 29.4528)",Y,1,0.34257279153020415,0.13643820804812928,0.13246157994571706,26
TCEQMAIN-20997,"c(-100.5106, 28.7088)",N,0,0.17379756139671415,0.22009821317589895,0.18576943839533105,21
TCEQMAIN-11577,"c(-96.0513, 29.6625)",N,0,0.6197245694184201,0.0762251709072659,0.06697699435976717,24
TCEQMAIN-12678,"c(-99.247, 30.0733)",N,0,0.5452089756292318,0.08583770043743412,0.04359942374883553,27
TCEQMAIN-20933,"c(-96.8352, 32.7899)",Y,1,0.8426392718419417,0.030912233386759316,0.04120573774706315,26
TCEQMAIN-12964,"c(-97.7758, 27.9378)",N,0,0.012699779089334137,-0.33822320853501703,-0.15889558325089825,28
TCEQMAIN-18801,"c(-101.7412, 30.3141)",N,0,0.6117656490873331,-0.08219810518289901,-0.003097636046903851,23
TCEQMAIN-10247,"c(-94.5164, 33.0009)",N,0,0.7118398382812308,-0.04553145626227143,-0.05373867560765074,35
TCEQMAIN-11873,"c(-96.1068, 30.4182)",N,1,0.6168456628672251,0.07122507122507123,0.11715356503905977,27
TCEQMAIN-16098,"c(-94.594, 31.1765)",N,0,0.7910649354871908,-0.040374423139992316,-0.024359624258806237,26
TCEQMAIN-16001,"c(-94.9944, 33.6854)",Y,0,0.6117600292546322,-0.08225108225108226,-0.04509042813357666,22
TCEQMAIN-11990,"c(-99.6055, 32.7951)",N,0,0.6763511470867861,-0.05963833779129924,-0.02803224270982462,28
TCEQMAIN-20701,"c(-98.1156, 28.3742)",N,0,0.03685070011523284,-0.29024067006277243,-0.3217864064045134,27
TCEQMAIN-15344,"c(-94.2696, 30.8636)",Y,0,0.45204175339163377,0.10663532718450328,0.06429483597031181,27
TCEQMAIN-12051,"c(-97.5364, 30.9439)",N,0,0.031589364825287715,-0.29842948651954665,-0.2827686336699524,27
TCEQMAIN-13651,"c(-100.0269, 31.7147)",N,0,0.16464103227852814,0.19783829367525962,0.32338803117905324,26
TCEQMAIN-13239,"c(-100.9978, 29.9)",N,0,0.3143700820110119,-0.14815570653432425,-0.08381765854914378,25
TCEQMAIN-12663,"c(-98.1095, 29.9849)",N,0,0.5734424302117666,-0.07988595860203708,-0.057845197405133664,27
TCEQMAIN-20453,"c(-95.4067, 30.4381)",Y,1,0.11473791576078919,0.21066079684611003,0.23051464144802528,29
TCEQMAIN-13096,"c(-97.7023, 27.6652)",Y,0,0.0516029725998571,0.30368835006589306,0.5009041390318065,22
TCEQMAIN-20452,"c(-95.2553, 30.2047)",Y,1,0.5452089756292318,-0.08583770043743412,-0.14330987425559813,27
TCEQMAIN-17431,"c(-95.1913, 30.5669)",Y,1,0.19424013835316675,-0.2043497575682733,-0.21355665867170154,22
TCEQMAIN-10896,"c(-94.8507, 30.4262)",N,0,0.93639689976817575,0.01623282511858913,0,23
TCEQMAIN-12832,"c(-99.1146, 29.7333)",N,0,0.13445561287105678,-0.21849510977216466,-0.0883518000207835,25
TCEQMAIN-10024,"c(-101.4139, 35.71)",Y,0,0.38096925883683885,0.14005214630772406,0.12077310716634848,22
TCEQMAIN-10894,"c(-94.8183, 30.0575)",N,0,0.25315814122470787,-0.17782168978975482,-0.11609860581593437,23
TCEQMAIN-12099,"c(-97.4733, 30.6289)",N,0,0.7743043602953984,-0.04327712674146304,-0.03705083719540575,26
TCEQMAIN-11951,"c(-97.369, 31.6439)",N,0,0.8839528946315699,-0.022824559600582023,-0.025559709851361013,27
TCEQMAIN-14942,"c(-100.9917, 29.8864)",N,0,0.3740764127925464,0.1310970658632988,0.07829838966468745,25
TCEQMAIN-11999,"c(-100.1359, 32.6577)",Y,0,0.12758322163765531,0.21234405771583126,0.144625989044332,27
TCEQMAIN-17472,"c(-98.87, 30.2202)",N,0,0.7217773645329917,0.03901982498916397,0.01954880505925262,43
TCEQMAIN-18759,"c(-97.7847, 30.9793)",N,0,0.0025379378605603744,0.2593147440091951,0.3111764444124059,64
TCEQMAIN-15367,"c(-94.5677, 30.2573)",N,0,0.9774953419665812,0.008676810001882659,0.02499215507542576,22
TCEQMAIN-17251,"c(-97.7105, 30.4098)",N,1,0.0632627675349536,-0.327870614735264,-0.4621901261860649,18
TCEQMAIN-16097,"c(-94.6387, 31.1648)",N,0,0.5872629935486233,0.07758909001678076,0.05743659389152334,27
TCEQMAIN-13181,"c(-98.2719, 26.0956)",N,0,0.22474996594056168,-0.13382748331633365,-0.1415856511049165,41
TCEQMAIN-10132,"c(-97.1598, 33.7271)",N,0,0.32797002988741203,0.15109612677263337,0.26745789216374355,23
TCEQMAIN-18456,"c(-97.3586, 32.7322)",Y,0,0.8561602090110769,-0.033412982988905764,-0.07621042058838008,21
TCEQMAIN-15886,"c(-100.4478, 31.4662)",N,0,0.15164475571268546,-0.20402074035261147,-0.22284271451139687,26
TCEQMAIN-12517,"c(-96.1712, 28.9281)",N,0,0.0155604686610733,-0.3884992625715441,-0.24146749390994093,21
TCEQMAIN-10706,"c(-95.7584, 31.7224)",Y,0,0.03685218110070146,0.33655402005360074,0.2358993744956066,21
TCEQMAIN-12751,"c(-98.5164, 29.4355)",Y,1,0.5134149544290264,0.079258460900991,0.08692358188867522,35
TCEQMAIN-11081,"c(-96.995, 32.7629)",Y,1,0.32082965090669446,0.14219627357909284,0.09708055551474228,26
TCEQMAIN-10261,"c(-94.9865, 33.0959)",Y,0,0.3853099749909061,0.13043478260869565,0.143109005812042,24
TCEQMAIN-10032,"c(-100.3706, 35.9355)",N,0,0.6564664756360202,-0.0675737378399486,-0.05746857452669846,25
TCEQMAIN-17004,"c(-99.2694, 31.0041)",N,0,0.6553219633213645,0.06011661126521825,0.03427719213746407,30
TCEQMAIN-18301,"c(-95.4107, 32.4328)",Y,0,0.1385569189752604,0.19110575882091574,0.17555149257908326,31
TCEQMAIN-14976,"c(-94.1845, 32.8922)",Y,0,0.15857024949675513,0.22077922077922077,0.20194717122238212,22
TCEQMAIN-20232,"c(-97.7397, 32.2441)",N,0,0.05987925996414235,0.26303324607609446,0.16794734670174705,27
TCEQMAIN-12608,"c(-99.042, 29.946)",N,1,1,-0.0028653765634122684,0,27
TCEQMAIN-16188,"c(-97.2199, 30.0968)",Y,0,0.1253063996357491,-0.23412882755219566,-0.20842647704810835,23
TCEQMAIN-16629,"c(-95.4885, 30.196)",N,1,0.4836047173920529,0.11769797726729994,0.11426457769621809,21
TCEQMAIN-21031,"c(-96.5319, 33.8236)",N,0,0.4705813747021578,-0.09995072677700363,-0.04390049528474042,29
TCEQMAIN-15345,"c(-94.4353, 30.0784)",N,0,0.6721951601179232,-0.06941448001506127,-0.09263499941801887,22
TCEQMAIN-12684,"c(-99.3321, 30.0706)",N,0,0.1883255330861117,0.1841820041893255,0.15738947871058862,27
TCEQMAIN-12161,"c(-100.64, 31.33)",N,0,0.042477792617536064,0.28703840420233095,0.3870414714889968,26
TCEQMAIN-20166,"c(-99.7405, 34.3545)",N,0,0.9367236801822905,0.015968859150800197,0,23
TCEQMAIN-10201,"c(-95.3601, 33.2343)",Y,0,0.31523495049901323,-0.1547631232972141,-0.11320568682915608,23
TCEQMAIN-15354,"c(-94.7678, 30.7873)",N,0,0.05145297497886745,0.32190085665449597,0.3825772082287815,20
TCEQMAIN-12407,"c(-100.342, 31.4689)",N,0,0.2109849131667993,0.22295201801997952,0.11874312268136941,18
TCEQMAIN-15350,"c(-94.3458, 30.5217)",N,0,0.5349339485677052,-0.09454607964556824,-0.07133004869086268,24
TCEQMAIN-17054,"c(-98.0466, 30.5593)",N,0,0.7620785451746429,-0.05301589619830679,-0.0591616682767636,21
TCEQMAIN-21126,"c(-99.3485, 29.8759)",N,0,0.7611265609082365,0.046980923864981705,0.03360159522986554,25
